행정동명,행정동코드,법정동명,법정동코드,총인구수,총가구수,가구당인구수,평균소득금액,시,구,동,구_동숫자,구_동
서울특별시 종로구 청운효자동,1111051500,청운동,1111010100,11680,4715,2.48,9049.02,서울특별시,종로구,청운효자동,종로구 청운효자동,종로구 청운효자동
서울특별시 종로구 청운효자동,1111051500,신교동,1111010200,11680,4715,2.48,5544.59,서울특별시,종로구,청운효자동,종로구 청운효자동,종로구 청운효자동
서울특별시 종로구 청운효자동,1111051500,궁정동,1111010300,11680,4715,2.48,7078.69,서울특별시,종로구,청운효자동,종로구 청운효자동,종로구 청운효자동
서울특별시 종로구 청운효자동,1111051500,효자동,1111010400,11680,4715,2.48,5403.79,서울특별시,종로구,청운효자동,종로구 청운효자동,종로구 청운효자동
서울특별시 종로구 청운효자동,1111051500,창성동,1111010500,11680,4715,2.48,5345.71,서울특별시,종로구,청운효자동,종로구 청운효자동,종로구 청운효자동
서울특별시 종로구 청운효자동,1111051500,통인동,1111010800,11680,4715,2.48,4784.15,서울특별시,종로구,청운효자동,종로구 청운효자동,종로구 청운효자동
서울특별시 종로구 청운효자동,1111051500,누상동,1111010900,11680,4715,2.48,4749.17,서울특별시,종로구,청운효자동,종로구 청운효자동,종로구 청운효자동
서울특별시 종로구 청운효자동,1111051500,누하동,1111011000,11680,4715,2.48,4302.0,서울특별시,종로구,청운효자동,종로구 청운효자동,종로구 청운효자동
서울특별시 종로구 청운효자동,1111051500,옥인동,1111011100,11680,4715,2.48,5638.12,서울특별시,종로구,청운효자동,종로구 청운효자동,종로구 청운효자동
서울특별시 종로구 청운효자동,1111051500,세종로,1111011900,11680,4715,2.48,7285.86,서울특별시,종로구,청운효자동,종로구 청운효자동,종로구 청운효자동
서울특별시 종로구 사직동,1111053000,통의동,1111010600,8705,3969,2.19,5480.03,서울특별시,종로구,사직동,종로구 사직동,종로구 사직동
서울특별시 종로구 사직동,1111053000,적선동,1111010700,8705,3969,2.19,5675.54,서울특별시,종로구,사직동,종로구 사직동,종로구 사직동
서울특별시 종로구 사직동,1111053000,체부동,1111011200,8705,3969,2.19,4941.51,서울특별시,종로구,사직동,종로구 사직동,종로구 사직동
서울특별시 종로구 사직동,1111053000,필운동,1111011300,8705,3969,2.19,4943.26,서울특별시,종로구,사직동,종로구 사직동,종로구 사직동
서울특별시 종로구 사직동,1111053000,내자동,1111011400,8705,3969,2.19,4560.52,서울특별시,종로구,사직동,종로구 사직동,종로구 사직동
서울특별시 종로구 사직동,1111053000,사직동,1111011500,8705,3969,2.19,5152.87,서울특별시,종로구,사직동,종로구 사직동,종로구 사직동
서울특별시 종로구 사직동,1111053000,도렴동,1111011600,8705,3969,2.19,6699.8,서울특별시,종로구,사직동,종로구 사직동,종로구 사직동
서울특별시 종로구 사직동,1111053000,당주동,1111011700,8705,3969,2.19,6598.27,서울특별시,종로구,사직동,종로구 사직동,종로구 사직동
서울특별시 종로구 사직동,1111053000,내수동,1111011800,8705,3969,2.19,9203.43,서울특별시,종로구,사직동,종로구 사직동,종로구 사직동
서울특별시 종로구 사직동,1111053000,세종로,1111011900,8705,3969,2.19,7285.86,서울특별시,종로구,사직동,종로구 사직동,종로구 사직동
서울특별시 종로구 사직동,1111053000,신문로1가,1111012000,8705,3969,2.19,8127.08,서울특별시,종로구,사직동,종로구 사직동,종로구 사직동
서울특별시 종로구 사직동,1111053000,신문로2가,1111012100,8705,3969,2.19,7340.22,서울특별시,종로구,사직동,종로구 사직동,종로구 사직동
서울특별시 종로구 삼청동,1111054000,팔판동,1111013900,2433,1065,2.28,5545.68,서울특별시,종로구,삼청동,종로구 삼청동,종로구 삼청동
서울특별시 종로구 삼청동,1111054000,삼청동,1111014000,2433,1065,2.28,6082.54,서울특별시,종로구,삼청동,종로구 삼청동,종로구 삼청동
서울특별시 종로구 삼청동,1111054000,안국동,1111014100,2433,1065,2.28,5710.56,서울특별시,종로구,삼청동,종로구 삼청동,종로구 삼청동
서울특별시 종로구 삼청동,1111054000,소격동,1111014200,2433,1065,2.28,5715.89,서울특별시,종로구,삼청동,종로구 삼청동,종로구 삼청동
서울특별시 종로구 삼청동,1111054000,화동,1111014300,2433,1065,2.28,5335.81,서울특별시,종로구,삼청동,종로구 삼청동,종로구 삼청동
서울특별시 종로구 삼청동,1111054000,사간동,1111014400,2433,1065,2.28,5696.88,서울특별시,종로구,삼청동,종로구 삼청동,종로구 삼청동
서울특별시 종로구 삼청동,1111054000,송현동,1111014500,2433,1065,2.28,4409.57,서울특별시,종로구,삼청동,종로구 삼청동,종로구 삼청동
서울특별시 종로구 부암동,1111055000,부암동,1111018400,9666,3901,2.48,5784.19,서울특별시,종로구,부암동,종로구 부암동,종로구 부암동
서울특별시 종로구 부암동,1111055000,홍지동,1111018500,9666,3901,2.48,5139.34,서울특별시,종로구,부암동,종로구 부암동,종로구 부암동
서울특별시 종로구 부암동,1111055000,신영동,1111018600,9666,3901,2.48,4845.22,서울특별시,종로구,부암동,종로구 부암동,종로구 부암동
서울특별시 종로구 평창동,1111056000,구기동,1111018200,17379,6398,2.72,6388.53,서울특별시,종로구,평창동,종로구 평창동,종로구 평창동
서울특별시 종로구 평창동,1111056000,평창동,1111018300,17379,6398,2.72,10248.85,서울특별시,종로구,평창동,종로구 평창동,종로구 평창동
서울특별시 종로구 무악동,1111057000,무악동,1111018700,8082,2899,2.79,4367.37,서울특별시,종로구,무악동,종로구 무악동,종로구 무악동
서울특별시 종로구 교남동,1111058000,교남동,1111017600,10027,4174,2.4,6355.45,서울특별시,종로구,교남동,종로구 교남동,종로구 교남동
서울특별시 종로구 교남동,1111058000,평동,1111017700,10027,4174,2.4,6338.5,서울특별시,종로구,교남동,종로구 교남동,종로구 교남동
서울특별시 종로구 교남동,1111058000,송월동,1111017800,10027,4174,2.4,3690.0,서울특별시,종로구,교남동,종로구 교남동,종로구 교남동
서울특별시 종로구 교남동,1111058000,홍파동,1111017900,10027,4174,2.4,4451.5,서울특별시,종로구,교남동,종로구 교남동,종로구 교남동
서울특별시 종로구 교남동,1111058000,교북동,1111018000,10027,4174,2.4,5704.8,서울특별시,종로구,교남동,종로구 교남동,종로구 교남동
서울특별시 종로구 교남동,1111058000,행촌동,1111018100,10027,4174,2.4,3643.11,서울특별시,종로구,교남동,종로구 교남동,종로구 교남동
서울특별시 종로구 가회동,1111060000,가회동,1111014600,4169,1782,2.34,7168.63,서울특별시,종로구,가회동,종로구 가회동,종로구 가회동
서울특별시 종로구 가회동,1111060000,재동,1111014700,4169,1782,2.34,5693.9,서울특별시,종로구,가회동,종로구 가회동,종로구 가회동
서울특별시 종로구 가회동,1111060000,계동,1111014800,4169,1782,2.34,5349.21,서울특별시,종로구,가회동,종로구 가회동,종로구 가회동
서울특별시 종로구 가회동,1111060000,원서동,1111014900,4169,1782,2.34,5039.73,서울특별시,종로구,가회동,종로구 가회동,종로구 가회동
서울특별시 종로구 종로1·2·3·4가동,1111061500,세종로,1111011900,6707,3978,1.69,7285.86,서울특별시,종로구,종로1·2·3·4가동,종로구 종로1·2·3·4가동,종로구 종로···가동
서울특별시 종로구 종로1·2·3·4가동,1111061500,청진동,1111012200,6707,3978,1.69,7638.77,서울특별시,종로구,종로1·2·3·4가동,종로구 종로1·2·3·4가동,종로구 종로···가동
서울특별시 종로구 종로1·2·3·4가동,1111061500,서린동,1111012300,6707,3978,1.69,8312.43,서울특별시,종로구,종로1·2·3·4가동,종로구 종로1·2·3·4가동,종로구 종로···가동
서울특별시 종로구 종로1·2·3·4가동,1111061500,수송동,1111012400,6707,3978,1.69,5081.21,서울특별시,종로구,종로1·2·3·4가동,종로구 종로1·2·3·4가동,종로구 종로···가동
서울특별시 종로구 종로1·2·3·4가동,1111061500,중학동,1111012500,6707,3978,1.69,6334.7,서울특별시,종로구,종로1·2·3·4가동,종로구 종로1·2·3·4가동,종로구 종로···가동
서울특별시 종로구 종로1·2·3·4가동,1111061500,종로1가,1111012600,6707,3978,1.69,8501.67,서울특별시,종로구,종로1·2·3·4가동,종로구 종로1·2·3·4가동,종로구 종로···가동
서울특별시 종로구 종로1·2·3·4가동,1111061500,공평동,1111012700,6707,3978,1.69,7161.4,서울특별시,종로구,종로1·2·3·4가동,종로구 종로1·2·3·4가동,종로구 종로···가동
서울특별시 종로구 종로1·2·3·4가동,1111061500,관훈동,1111012800,6707,3978,1.69,5468.59,서울특별시,종로구,종로1·2·3·4가동,종로구 종로1·2·3·4가동,종로구 종로···가동
서울특별시 종로구 종로1·2·3·4가동,1111061500,견지동,1111012900,6707,3978,1.69,4311.09,서울특별시,종로구,종로1·2·3·4가동,종로구 종로1·2·3·4가동,종로구 종로···가동
서울특별시 종로구 종로1·2·3·4가동,1111061500,와룡동,1111013000,6707,3978,1.69,3647.67,서울특별시,종로구,종로1·2·3·4가동,종로구 종로1·2·3·4가동,종로구 종로···가동
서울특별시 종로구 종로1·2·3·4가동,1111061500,권농동,1111013100,6707,3978,1.69,2764.42,서울특별시,종로구,종로1·2·3·4가동,종로구 종로1·2·3·4가동,종로구 종로···가동
서울특별시 종로구 종로1·2·3·4가동,1111061500,운니동,1111013200,6707,3978,1.69,4103.66,서울특별시,종로구,종로1·2·3·4가동,종로구 종로1·2·3·4가동,종로구 종로···가동
서울특별시 종로구 종로1·2·3·4가동,1111061500,익선동,1111013300,6707,3978,1.69,4269.5,서울특별시,종로구,종로1·2·3·4가동,종로구 종로1·2·3·4가동,종로구 종로···가동
서울특별시 종로구 종로1·2·3·4가동,1111061500,경운동,1111013400,6707,3978,1.69,4199.2,서울특별시,종로구,종로1·2·3·4가동,종로구 종로1·2·3·4가동,종로구 종로···가동
서울특별시 종로구 종로1·2·3·4가동,1111061500,관철동,1111013500,6707,3978,1.69,9184.04,서울특별시,종로구,종로1·2·3·4가동,종로구 종로1·2·3·4가동,종로구 종로···가동
서울특별시 종로구 종로1·2·3·4가동,1111061500,인사동,1111013600,6707,3978,1.69,6353.7,서울특별시,종로구,종로1·2·3·4가동,종로구 종로1·2·3·4가동,종로구 종로···가동
서울특별시 종로구 종로1·2·3·4가동,1111061500,낙원동,1111013700,6707,3978,1.69,4371.47,서울특별시,종로구,종로1·2·3·4가동,종로구 종로1·2·3·4가동,종로구 종로···가동
서울특별시 종로구 종로1·2·3·4가동,1111061500,종로2가,1111013800,6707,3978,1.69,11933.19,서울특별시,종로구,종로1·2·3·4가동,종로구 종로1·2·3·4가동,종로구 종로···가동
서울특별시 종로구 종로1·2·3·4가동,1111061500,훈정동,1111015000,6707,3978,1.69,3771.0,서울특별시,종로구,종로1·2·3·4가동,종로구 종로1·2·3·4가동,종로구 종로···가동
서울특별시 종로구 종로1·2·3·4가동,1111061500,묘동,1111015100,6707,3978,1.69,4960.92,서울특별시,종로구,종로1·2·3·4가동,종로구 종로1·2·3·4가동,종로구 종로···가동
서울특별시 종로구 종로1·2·3·4가동,1111061500,봉익동,1111015200,6707,3978,1.69,3703.98,서울특별시,종로구,종로1·2·3·4가동,종로구 종로1·2·3·4가동,종로구 종로···가동
서울특별시 종로구 종로1·2·3·4가동,1111061500,돈의동,1111015300,6707,3978,1.69,2973.83,서울특별시,종로구,종로1·2·3·4가동,종로구 종로1·2·3·4가동,종로구 종로···가동
서울특별시 종로구 종로1·2·3·4가동,1111061500,장사동,1111015400,6707,3978,1.69,5785.87,서울특별시,종로구,종로1·2·3·4가동,종로구 종로1·2·3·4가동,종로구 종로···가동
서울특별시 종로구 종로1·2·3·4가동,1111061500,관수동,1111015500,6707,3978,1.69,5464.29,서울특별시,종로구,종로1·2·3·4가동,종로구 종로1·2·3·4가동,종로구 종로···가동
서울특별시 종로구 종로1·2·3·4가동,1111061500,종로3가,1111015600,6707,3978,1.69,8735.15,서울특별시,종로구,종로1·2·3·4가동,종로구 종로1·2·3·4가동,종로구 종로···가동
서울특별시 종로구 종로1·2·3·4가동,1111061500,인의동,1111015700,6707,3978,1.69,4087.63,서울특별시,종로구,종로1·2·3·4가동,종로구 종로1·2·3·4가동,종로구 종로···가동
서울특별시 종로구 종로1·2·3·4가동,1111061500,예지동,1111015800,6707,3978,1.69,5669.22,서울특별시,종로구,종로1·2·3·4가동,종로구 종로1·2·3·4가동,종로구 종로···가동
서울특별시 종로구 종로1·2·3·4가동,1111061500,원남동,1111015900,6707,3978,1.69,3178.03,서울특별시,종로구,종로1·2·3·4가동,종로구 종로1·2·3·4가동,종로구 종로···가동
서울특별시 종로구 종로1·2·3·4가동,1111061500,종로4가,1111016100,6707,3978,1.69,6625.06,서울특별시,종로구,종로1·2·3·4가동,종로구 종로1·2·3·4가동,종로구 종로···가동
서울특별시 종로구 종로5·6가동,1111063000,연지동,1111016000,5456,2835,1.92,3567.91,서울특별시,종로구,종로5·6가동,종로구 종로5·6가동,종로구 종로·가동
서울특별시 종로구 종로5·6가동,1111063000,효제동,1111016200,5456,2835,1.92,3782.97,서울특별시,종로구,종로5·6가동,종로구 종로5·6가동,종로구 종로·가동
서울특별시 종로구 종로5·6가동,1111063000,종로5가,1111016300,5456,2835,1.92,5572.95,서울특별시,종로구,종로5·6가동,종로구 종로5·6가동,종로구 종로·가동
서울특별시 종로구 종로5·6가동,1111063000,종로6가,1111016400,5456,2835,1.92,3692.62,서울특별시,종로구,종로5·6가동,종로구 종로5·6가동,종로구 종로·가동
서울특별시 종로구 종로5·6가동,1111063000,충신동,1111016700,5456,2835,1.92,3002.39,서울특별시,종로구,종로5·6가동,종로구 종로5·6가동,종로구 종로·가동
서울특별시 종로구 이화동,1111064000,이화동,1111016500,8241,4172,1.98,3522.07,서울특별시,종로구,이화동,종로구 이화동,종로구 이화동
서울특별시 종로구 이화동,1111064000,연건동,1111016600,8241,4172,1.98,3604.14,서울특별시,종로구,이화동,종로구 이화동,종로구 이화동
서울특별시 종로구 이화동,1111064000,동숭동,1111016800,8241,4172,1.98,4688.85,서울특별시,종로구,이화동,종로구 이화동,종로구 이화동
서울특별시 종로구 혜화동,1111065000,와룡동,1111013000,21183,10402,2.04,3647.67,서울특별시,종로구,혜화동,종로구 혜화동,종로구 혜화동
서울특별시 종로구 혜화동,1111065000,혜화동,1111016900,21183,10402,2.04,7149.03,서울특별시,종로구,혜화동,종로구 혜화동,종로구 혜화동
서울특별시 종로구 혜화동,1111065000,명륜1가,1111017000,21183,10402,2.04,6465.37,서울특별시,종로구,혜화동,종로구 혜화동,종로구 혜화동
서울특별시 종로구 혜화동,1111065000,명륜2가,1111017100,21183,10402,2.04,5707.66,서울특별시,종로구,혜화동,종로구 혜화동,종로구 혜화동
서울특별시 종로구 혜화동,1111065000,명륜4가,1111017200,21183,10402,2.04,5056.93,서울특별시,종로구,혜화동,종로구 혜화동,종로구 혜화동
서울특별시 종로구 혜화동,1111065000,명륜3가,1111017300,21183,10402,2.04,4089.07,서울특별시,종로구,혜화동,종로구 혜화동,종로구 혜화동
서울특별시 종로구 창신1동,1111067000,창신동,1111017400,5791,2787,2.08,3468.01,서울특별시,종로구,창신1동,종로구 창신1동,종로구 창신동
서울특별시 종로구 창신2동,1111068000,창신동,1111017400,9369,4116,2.28,3468.01,서울특별시,종로구,창신2동,종로구 창신2동,종로구 창신동
서울특별시 종로구 창신3동,1111069000,창신동,1111017400,6773,2670,2.54,3468.01,서울특별시,종로구,창신3동,종로구 창신3동,종로구 창신동
서울특별시 종로구 숭인1동,1111070000,숭인동,1111017500,6110,2793,2.19,3917.41,서울특별시,종로구,숭인1동,종로구 숭인1동,종로구 숭인동
서울특별시 종로구 숭인2동,1111071000,숭인동,1111017500,9520,5413,1.76,3917.41,서울특별시,종로구,숭인2동,종로구 숭인2동,종로구 숭인동
서울특별시 중구 소공동,1114052000,북창동,1114011300,2461,1101,2.24,5644.67,서울특별시,중구,소공동,중구 소공동,중구 소공동
서울특별시 중구 소공동,1114052000,태평로2가,1114011400,2461,1101,2.24,8379.33,서울특별시,중구,소공동,중구 소공동,중구 소공동
서울특별시 중구 소공동,1114052000,남대문로3가,1114011600,2461,1101,2.24,8823.5,서울특별시,중구,소공동,중구 소공동,중구 소공동
서울특별시 중구 소공동,1114052000,남대문로4가,1114011700,2461,1101,2.24,8081.5,서울특별시,중구,소공동,중구 소공동,중구 소공동
서울특별시 중구 소공동,1114052000,봉래동1가,1114011900,2461,1101,2.24,4800.67,서울특별시,중구,소공동,중구 소공동,중구 소공동
서울특별시 중구 소공동,1114052000,서소문동,1114016600,2461,1101,2.24,7337.2,서울특별시,중구,소공동,중구 소공동,중구 소공동
서울특별시 중구 소공동,1114052000,정동,1114016700,2461,1101,2.24,5718.23,서울특별시,중구,소공동,중구 소공동,중구 소공동
서울특별시 중구 소공동,1114052000,순화동,1114016800,2461,1101,2.24,4979.9,서울특별시,중구,소공동,중구 소공동,중구 소공동
서울특별시 중구 소공동,1114052000,의주로1가,1114016900,2461,1101,2.24,6193.0,서울특별시,중구,소공동,중구 소공동,중구 소공동
서울특별시 중구 소공동,1114052000,충정로1가,1114017000,2461,1101,2.24,5596.0,서울특별시,중구,소공동,중구 소공동,중구 소공동
서울특별시 중구 회현동,1114054000,남창동,1114011200,4668,2200,2.12,5321.58,서울특별시,중구,회현동,중구 회현동,중구 회현동
서울특별시 중구 회현동,1114054000,남대문로3가,1114011600,4668,2200,2.12,8823.5,서울특별시,중구,회현동,중구 회현동,중구 회현동
서울특별시 중구 회현동,1114054000,남대문로4가,1114011700,4668,2200,2.12,8081.5,서울특별시,중구,회현동,중구 회현동,중구 회현동
서울특별시 중구 회현동,1114054000,남대문로5가,1114011800,4668,2200,2.12,6636.47,서울특별시,중구,회현동,중구 회현동,중구 회현동
서울특별시 중구 회현동,1114054000,봉래동1가,1114011900,4668,2200,2.12,4800.67,서울특별시,중구,회현동,중구 회현동,중구 회현동
서울특별시 중구 회현동,1114054000,회현동1가,1114012100,4668,2200,2.12,4809.91,서울특별시,중구,회현동,중구 회현동,중구 회현동
서울특별시 중구 회현동,1114054000,회현동2가,1114012200,4668,2200,2.12,4839.48,서울특별시,중구,회현동,중구 회현동,중구 회현동
서울특별시 중구 회현동,1114054000,충무로1가,1114012400,4668,2200,2.12,18108.67,서울특별시,중구,회현동,중구 회현동,중구 회현동
서울특별시 중구 회현동,1114054000,순화동,1114016800,4668,2200,2.12,4979.9,서울특별시,중구,회현동,중구 회현동,중구 회현동
서울특별시 중구 명동,1114055000,무교동,1114010100,2794,1220,2.29,10062.75,서울특별시,중구,명동,중구 명동,중구 명동
서울특별시 중구 명동,1114055000,다동,1114010200,2794,1220,2.29,9189.7,서울특별시,중구,명동,중구 명동,중구 명동
서울특별시 중구 명동,1114055000,태평로1가,1114010300,2794,1220,2.29,8740.6,서울특별시,중구,명동,중구 명동,중구 명동
서울특별시 중구 명동,1114055000,을지로1가,1114010400,2794,1220,2.29,7885.0,서울특별시,중구,명동,중구 명동,중구 명동
서울특별시 중구 명동,1114055000,을지로2가,1114010500,2794,1220,2.29,9106.89,서울특별시,중구,명동,중구 명동,중구 명동
서울특별시 중구 명동,1114055000,삼각동,1114010700,2794,1220,2.29,10401.0,서울특별시,중구,명동,중구 명동,중구 명동
서울특별시 중구 명동,1114055000,수하동,1114010800,2794,1220,2.29,9788.0,서울특별시,중구,명동,중구 명동,중구 명동
서울특별시 중구 명동,1114055000,수표동,1114011000,2794,1220,2.29,8626.63,서울특별시,중구,명동,중구 명동,중구 명동
서울특별시 중구 명동,1114055000,회현동1가,1114012100,2794,1220,2.29,4809.91,서울특별시,중구,명동,중구 명동,중구 명동
서울특별시 중구 명동,1114055000,회현동2가,1114012200,2794,1220,2.29,4839.48,서울특별시,중구,명동,중구 명동,중구 명동
서울특별시 중구 명동,1114055000,회현동3가,1114012300,2794,1220,2.29,5257.5,서울특별시,중구,명동,중구 명동,중구 명동
서울특별시 중구 명동,1114055000,충무로1가,1114012400,2794,1220,2.29,18108.67,서울특별시,중구,명동,중구 명동,중구 명동
서울특별시 중구 명동,1114055000,충무로2가,1114012500,2794,1220,2.29,12673.73,서울특별시,중구,명동,중구 명동,중구 명동
서울특별시 중구 명동,1114055000,명동1가,1114012600,2794,1220,2.29,16904.8,서울특별시,중구,명동,중구 명동,중구 명동
서울특별시 중구 명동,1114055000,명동2가,1114012700,2794,1220,2.29,20000.0,서울특별시,중구,명동,중구 명동,중구 명동
서울특별시 중구 명동,1114055000,남산동1가,1114012800,2794,1220,2.29,5322.85,서울특별시,중구,명동,중구 명동,중구 명동
서울특별시 중구 명동,1114055000,남산동2가,1114012900,2794,1220,2.29,5028.38,서울특별시,중구,명동,중구 명동,중구 명동
서울특별시 중구 명동,1114055000,남산동3가,1114013000,2794,1220,2.29,4922.68,서울특별시,중구,명동,중구 명동,중구 명동
서울특별시 중구 명동,1114055000,저동1가,1114013100,2794,1220,2.29,6928.83,서울특별시,중구,명동,중구 명동,중구 명동
서울특별시 중구 명동,1114055000,예장동,1114014200,2794,1220,2.29,5253.56,서울특별시,중구,명동,중구 명동,중구 명동
서울특별시 중구 필동,1114057000,충무로4가,1114013200,4955,2283,2.17,4318.48,서울특별시,중구,필동,중구 필동,중구 필동
서울특별시 중구 필동,1114057000,충무로5가,1114013300,4955,2283,2.17,4495.64,서울특별시,중구,필동,중구 필동,중구 필동
서울특별시 중구 필동,1114057000,묵정동,1114013600,4955,2283,2.17,4586.1,서울특별시,중구,필동,중구 필동,중구 필동
서울특별시 중구 필동,1114057000,필동1가,1114013700,4955,2283,2.17,4070.96,서울특별시,중구,필동,중구 필동,중구 필동
서울특별시 중구 필동,1114057000,필동2가,1114013800,4955,2283,2.17,5023.45,서울특별시,중구,필동,중구 필동,중구 필동
서울특별시 중구 필동,1114057000,필동3가,1114013900,4955,2283,2.17,4894.48,서울특별시,중구,필동,중구 필동,중구 필동
서울특별시 중구 필동,1114057000,남학동,1114014000,4955,2283,2.17,3744.95,서울특별시,중구,필동,중구 필동,중구 필동
서울특별시 중구 필동,1114057000,주자동,1114014100,4955,2283,2.17,5295.33,서울특별시,중구,필동,중구 필동,중구 필동
서울특별시 중구 필동,1114057000,예장동,1114014200,4955,2283,2.17,5253.56,서울특별시,중구,필동,중구 필동,중구 필동
서울특별시 중구 필동,1114057000,장충동2가,1114014400,4955,2283,2.17,4207.37,서울특별시,중구,필동,중구 필동,중구 필동
서울특별시 중구 필동,1114057000,충무로3가,1114015800,4955,2283,2.17,5396.52,서울특별시,중구,필동,중구 필동,중구 필동
서울특별시 중구 장충동,1114058000,묵정동,1114013600,5989,3076,1.95,4586.1,서울특별시,중구,장충동,중구 장충동,중구 장충동
서울특별시 중구 장충동,1114058000,장충동1가,1114014300,5989,3076,1.95,6211.07,서울특별시,중구,장충동,중구 장충동,중구 장충동
서울특별시 중구 장충동,1114058000,장충동2가,1114014400,5989,3076,1.95,4207.37,서울특별시,중구,장충동,중구 장충동,중구 장충동
서울특별시 중구 광희동,1114059000,충무로4가,1114013200,6141,3392,1.81,4318.48,서울특별시,중구,광희동,중구 광희동,중구 광희동
서울특별시 중구 광희동,1114059000,충무로5가,1114013300,6141,3392,1.81,4495.64,서울특별시,중구,광희동,중구 광희동,중구 광희동
서울특별시 중구 광희동,1114059000,인현동2가,1114013400,6141,3392,1.81,3935.14,서울특별시,중구,광희동,중구 광희동,중구 광희동
서울특별시 중구 광희동,1114059000,예관동,1114013500,6141,3392,1.81,4221.92,서울특별시,중구,광희동,중구 광희동,중구 광희동
서울특별시 중구 광희동,1114059000,광희동1가,1114014500,6141,3392,1.81,3981.56,서울특별시,중구,광희동,중구 광희동,중구 광희동
서울특별시 중구 광희동,1114059000,광희동2가,1114014600,6141,3392,1.81,3524.27,서울특별시,중구,광희동,중구 광희동,중구 광희동
서울특별시 중구 광희동,1114059000,쌍림동,1114014700,6141,3392,1.81,3204.44,서울특별시,중구,광희동,중구 광희동,중구 광희동
서울특별시 중구 광희동,1114059000,을지로6가,1114014800,6141,3392,1.81,5024.93,서울특별시,중구,광희동,중구 광희동,중구 광희동
서울특별시 중구 광희동,1114059000,을지로7가,1114014900,6141,3392,1.81,3803.02,서울특별시,중구,광희동,중구 광희동,중구 광희동
서울특별시 중구 광희동,1114059000,오장동,1114015400,6141,3392,1.81,3562.26,서울특별시,중구,광희동,중구 광희동,중구 광희동
서울특별시 중구 을지로동,1114060500,을지로4가,1114015000,1847,1203,1.54,4916.87,서울특별시,중구,을지로동,중구 을지로동,중구 을지로동
서울특별시 중구 을지로동,1114060500,을지로5가,1114015100,1847,1203,1.54,4168.24,서울특별시,중구,을지로동,중구 을지로동,중구 을지로동
서울특별시 중구 을지로동,1114060500,주교동,1114015200,1847,1203,1.54,3671.48,서울특별시,중구,을지로동,중구 을지로동,중구 을지로동
서울특별시 중구 을지로동,1114060500,방산동,1114015300,1847,1203,1.54,4578.51,서울특별시,중구,을지로동,중구 을지로동,중구 을지로동
서울특별시 중구 을지로동,1114060500,을지로3가,1114015500,1847,1203,1.54,4983.88,서울특별시,중구,을지로동,중구 을지로동,중구 을지로동
서울특별시 중구 을지로동,1114060500,입정동,1114015600,1847,1203,1.54,4081.56,서울특별시,중구,을지로동,중구 을지로동,중구 을지로동
서울특별시 중구 을지로동,1114060500,산림동,1114015700,1847,1203,1.54,3576.84,서울특별시,중구,을지로동,중구 을지로동,중구 을지로동
서울특별시 중구 을지로동,1114060500,초동,1114015900,1847,1203,1.54,4137.63,서울특별시,중구,을지로동,중구 을지로동,중구 을지로동
서울특별시 중구 을지로동,1114060500,인현동1가,1114016000,1847,1203,1.54,3501.89,서울특별시,중구,을지로동,중구 을지로동,중구 을지로동
서울특별시 중구 을지로동,1114060500,저동2가,1114016100,1847,1203,1.54,5206.81,서울특별시,중구,을지로동,중구 을지로동,중구 을지로동
서울특별시 중구 신당동,1114061500,신당동,1114016200,9342,4887,1.91,4103.73,서울특별시,중구,신당동,중구 신당동,중구 신당동
서울특별시 중구 신당동,1114061500,흥인동,1114016300,9342,4887,1.91,3258.35,서울특별시,중구,신당동,중구 신당동,중구 신당동
서울특별시 중구 신당동,1114061500,무학동,1114016400,9342,4887,1.91,4004.46,서울특별시,중구,신당동,중구 신당동,중구 신당동
서울특별시 중구 다산동,1114062500,신당동,1114016200,14279,6562,2.18,4103.73,서울특별시,중구,다산동,중구 다산동,중구 다산동
서울특별시 중구 약수동,1114063500,신당동,1114016200,16398,7012,2.34,4103.73,서울특별시,중구,약수동,중구 약수동,중구 약수동
서울특별시 중구 청구동,1114064500,신당동,1114016200,13579,5884,2.31,4103.73,서울특별시,중구,청구동,중구 청구동,중구 청구동
서울특별시 중구 신당5동,1114065000,신당동,1114016200,10604,5200,2.04,4103.73,서울특별시,중구,신당5동,중구 신당5동,중구 신당동
서울특별시 중구 동화동,1114066500,신당동,1114016200,10372,3878,2.67,4103.73,서울특별시,중구,동화동,중구 동화동,중구 동화동
서울특별시 중구 황학동,1114067000,황학동,1114016500,13372,6788,1.97,3607.53,서울특별시,중구,황학동,중구 황학동,중구 황학동
서울특별시 중구 중림동,1114068000,중림동,1114017100,11943,5131,2.33,3778.05,서울특별시,중구,중림동,중구 중림동,중구 중림동
서울특별시 중구 중림동,1114068000,의주로2가,1114017200,11943,5131,2.33,3442.5,서울특별시,중구,중림동,중구 중림동,중구 중림동
서울특별시 중구 중림동,1114068000,만리동1가,1114017300,11943,5131,2.33,3944.92,서울특별시,중구,중림동,중구 중림동,중구 중림동
서울특별시 중구 중림동,1114068000,만리동2가,1114017400,11943,5131,2.33,3233.45,서울특별시,중구,중림동,중구 중림동,중구 중림동
서울특별시 용산구 후암동,1117051000,후암동,1117010100,16933,7555,2.24,4855.74,서울특별시,용산구,후암동,용산구 후암동,용산구 후암동
서울특별시 용산구 용산2가동,1117052000,용산동2가,1117010200,10505,5055,2.08,4740.91,서울특별시,용산구,용산2가동,용산구 용산2가동,용산구 용산가동
서울특별시 용산구 남영동,1117053000,갈월동,1117010400,7123,4053,1.76,5949.85,서울특별시,용산구,남영동,용산구 남영동,용산구 남영동
서울특별시 용산구 남영동,1117053000,남영동,1117010500,7123,4053,1.76,4993.31,서울특별시,용산구,남영동,용산구 남영동,용산구 남영동
서울특별시 용산구 남영동,1117053000,용산동1가,1117010600,7123,4053,1.76,3626.0,서울특별시,용산구,남영동,용산구 남영동,용산구 남영동
서울특별시 용산구 남영동,1117053000,동자동,1117010700,7123,4053,1.76,5053.49,서울특별시,용산구,남영동,용산구 남영동,용산구 남영동
서울특별시 용산구 청파동,1117055500,서계동,1117010800,19822,10177,1.95,3854.19,서울특별시,용산구,청파동,용산구 청파동,용산구 청파동
서울특별시 용산구 청파동,1117055500,청파동1가,1117010900,19822,10177,1.95,4216.07,서울특별시,용산구,청파동,용산구 청파동,용산구 청파동
서울특별시 용산구 청파동,1117055500,청파동2가,1117011000,19822,10177,1.95,4765.19,서울특별시,용산구,청파동,용산구 청파동,용산구 청파동
서울특별시 용산구 청파동,1117055500,청파동3가,1117011100,19822,10177,1.95,4924.4,서울특별시,용산구,청파동,용산구 청파동,용산구 청파동
서울특별시 용산구 원효로1동,1117056000,원효로1가,1117011200,15443,7109,2.17,4762.21,서울특별시,용산구,원효로1동,용산구 원효로1동,용산구 원효로동
서울특별시 용산구 원효로1동,1117056000,원효로2가,1117011300,15443,7109,2.17,3978.18,서울특별시,용산구,원효로1동,용산구 원효로1동,용산구 원효로동
서울특별시 용산구 원효로1동,1117056000,문배동,1117012200,15443,7109,2.17,3478.62,서울특별시,용산구,원효로1동,용산구 원효로1동,용산구 원효로동
서울특별시 용산구 원효로1동,1117056000,신계동,1117012300,15443,7109,2.17,4479.83,서울특별시,용산구,원효로1동,용산구 원효로1동,용산구 원효로동
서울특별시 용산구 원효로2동,1117057000,신창동,1117011400,13436,5515,2.44,4340.64,서울특별시,용산구,원효로2동,용산구 원효로2동,용산구 원효로동
서울특별시 용산구 원효로2동,1117057000,산천동,1117011500,13436,5515,2.44,4718.38,서울특별시,용산구,원효로2동,용산구 원효로2동,용산구 원효로동
서울특별시 용산구 원효로2동,1117057000,청암동,1117011600,13436,5515,2.44,5037.87,서울특별시,용산구,원효로2동,용산구 원효로2동,용산구 원효로동
서울특별시 용산구 원효로2동,1117057000,원효로3가,1117011700,13436,5515,2.44,4017.35,서울특별시,용산구,원효로2동,용산구 원효로2동,용산구 원효로동
서울특별시 용산구 원효로2동,1117057000,원효로4가,1117011800,13436,5515,2.44,4688.41,서울특별시,용산구,원효로2동,용산구 원효로2동,용산구 원효로동
서울특별시 용산구 효창동,1117058000,효창동,1117011900,9866,3966,2.49,5484.75,서울특별시,용산구,효창동,용산구 효창동,용산구 효창동
서울특별시 용산구 용문동,1117059000,도원동,1117012000,11669,4996,2.34,3976.65,서울특별시,용산구,용문동,용산구 용문동,용산구 용문동
서울특별시 용산구 용문동,1117059000,용문동,1117012100,11669,4996,2.34,4609.48,서울특별시,용산구,용문동,용산구 용문동,용산구 용문동
서울특별시 용산구 한강로동,1117062500,한강로1가,1117012400,19821,9321,2.13,6437.66,서울특별시,용산구,한강로동,용산구 한강로동,용산구 한강로동
서울특별시 용산구 한강로동,1117062500,한강로2가,1117012500,19821,9321,2.13,6382.24,서울특별시,용산구,한강로동,용산구 한강로동,용산구 한강로동
서울특별시 용산구 한강로동,1117062500,용산동3가,1117012600,19821,9321,2.13,6011.1,서울특별시,용산구,한강로동,용산구 한강로동,용산구 한강로동
서울특별시 용산구 한강로동,1117062500,용산동5가,1117012700,19821,9321,2.13,6190.2,서울특별시,용산구,한강로동,용산구 한강로동,용산구 한강로동
서울특별시 용산구 한강로동,1117062500,한강로3가,1117012800,19821,9321,2.13,5856.27,서울특별시,용산구,한강로동,용산구 한강로동,용산구 한강로동
서울특별시 용산구 이촌1동,1117063000,이촌동,1117012900,26195,9260,2.83,7292.89,서울특별시,용산구,이촌1동,용산구 이촌1동,용산구 이촌동
서울특별시 용산구 이촌2동,1117064000,이촌동,1117012900,8136,3337,2.44,7292.89,서울특별시,용산구,이촌2동,용산구 이촌2동,용산구 이촌동
서울특별시 용산구 이태원1동,1117065000,이태원동,1117013000,7991,3941,2.03,7216.47,서울특별시,용산구,이태원1동,용산구 이태원1동,용산구 이태원동
서울특별시 용산구 이태원2동,1117066000,이태원동,1117013000,9780,4739,2.06,7216.47,서울특별시,용산구,이태원2동,용산구 이태원2동,용산구 이태원동
서울특별시 용산구 한남동,1117068500,한남동,1117013100,21524,10333,2.08,8144.87,서울특별시,용산구,한남동,용산구 한남동,용산구 한남동
서울특별시 용산구 서빙고동,1117069000,동빙고동,1117013200,12672,4858,2.61,9098.59,서울특별시,용산구,서빙고동,용산구 서빙고동,용산구 서빙고동
서울특별시 용산구 서빙고동,1117069000,서빙고동,1117013300,12672,4858,2.61,6038.32,서울특별시,용산구,서빙고동,용산구 서빙고동,용산구 서빙고동
서울특별시 용산구 서빙고동,1117069000,주성동,1117013400,12672,4858,2.61,9367.63,서울특별시,용산구,서빙고동,용산구 서빙고동,용산구 서빙고동
서울특별시 용산구 서빙고동,1117069000,용산동6가,1117013500,12672,4858,2.61,5128.0,서울특별시,용산구,서빙고동,용산구 서빙고동,용산구 서빙고동
서울특별시 용산구 보광동,1117070000,보광동,1117013600,14966,7216,2.07,7137.76,서울특별시,용산구,보광동,용산구 보광동,용산구 보광동
서울특별시 성동구 왕십리2동,1120052000,하왕십리동,1120010200,16744,7154,2.34,4120.57,서울특별시,성동구,왕십리2동,성동구 왕십리2동,성동구 왕십리동
서울특별시 성동구 왕십리도선동,1120053500,상왕십리동,1120010100,26884,11312,2.38,3866.48,서울특별시,성동구,왕십리도선동,성동구 왕십리도선동,성동구 왕십리도선동
서울특별시 성동구 왕십리도선동,1120053500,하왕십리동,1120010200,26884,11312,2.38,4120.57,서울특별시,성동구,왕십리도선동,성동구 왕십리도선동,성동구 왕십리도선동
서울특별시 성동구 왕십리도선동,1120053500,홍익동,1120010300,26884,11312,2.38,4149.77,서울특별시,성동구,왕십리도선동,성동구 왕십리도선동,성동구 왕십리도선동
서울특별시 성동구 왕십리도선동,1120053500,도선동,1120010400,26884,11312,2.38,4478.54,서울특별시,성동구,왕십리도선동,성동구 왕십리도선동,성동구 왕십리도선동
서울특별시 성동구 마장동,1120054000,마장동,1120010500,22666,10116,2.24,3957.2,서울특별시,성동구,마장동,성동구 마장동,성동구 마장동
서울특별시 성동구 사근동,1120055000,사근동,1120010600,15030,8081,1.86,3886.71,서울특별시,성동구,사근동,성동구 사근동,성동구 사근동
서울특별시 성동구 사근동,1120055000,행당동,1120010700,15030,8081,1.86,5223.06,서울특별시,성동구,사근동,성동구 사근동,성동구 사근동
서울특별시 성동구 행당1동,1120056000,행당동,1120010700,13782,5946,2.32,5223.06,서울특별시,성동구,행당1동,성동구 행당1동,성동구 행당동
서울특별시 성동구 행당2동,1120057000,행당동,1120010700,23064,8788,2.62,5223.06,서울특별시,성동구,행당2동,성동구 행당2동,성동구 행당동
서울특별시 성동구 응봉동,1120058000,응봉동,1120010800,14949,5514,2.71,5162.03,서울특별시,성동구,응봉동,성동구 응봉동,성동구 응봉동
서울특별시 성동구 금호1가동,1120059000,금호동1가,1120010900,15058,6074,2.48,3765.25,서울특별시,성동구,금호1가동,성동구 금호1가동,성동구 금호가동
서울특별시 성동구 금호2·3가동,1120061500,금호동2가,1120011000,22458,9296,2.42,4521.64,서울특별시,성동구,금호2·3가동,성동구 금호2·3가동,성동구 금호·가동
서울특별시 성동구 금호2·3가동,1120061500,금호동3가,1120011100,22458,9296,2.42,4047.4,서울특별시,성동구,금호2·3가동,성동구 금호2·3가동,성동구 금호·가동
서울특별시 성동구 금호4가동,1120062000,금호동4가,1120011200,14190,5916,2.4,4285.78,서울특별시,성동구,금호4가동,성동구 금호4가동,성동구 금호가동
서울특별시 성동구 옥수동,1120064500,옥수동,1120011300,25373,10197,2.49,5073.55,서울특별시,성동구,옥수동,성동구 옥수동,성동구 옥수동
서울특별시 성동구 성수1가1동,1120065000,성수동1가,1120011400,16186,7135,2.27,6728.64,서울특별시,성동구,성수1가1동,성동구 성수1가1동,성동구 성수가동
서울특별시 성동구 성수1가2동,1120066000,성수동1가,1120011400,13564,6326,2.14,6728.64,서울특별시,성동구,성수1가2동,성동구 성수1가2동,성동구 성수가동
서울특별시 성동구 성수2가1동,1120067000,성수동2가,1120011500,16727,7840,2.13,5657.18,서울특별시,성동구,성수2가1동,성동구 성수2가1동,성동구 성수가동
서울특별시 성동구 성수2가3동,1120069000,성수동2가,1120011500,11235,5089,2.21,5657.18,서울특별시,성동구,성수2가3동,성동구 성수2가3동,성동구 성수가동
서울특별시 성동구 송정동,1120072000,송정동,1120011800,11009,5381,2.05,4369.43,서울특별시,성동구,송정동,성동구 송정동,성동구 송정동
서울특별시 성동구 용답동,1120079000,송정동,1120011800,12999,6493,2.0,4369.43,서울특별시,성동구,용답동,성동구 용답동,성동구 용답동
서울특별시 성동구 용답동,1120079000,용답동,1120012200,12999,6493,2.0,4216.23,서울특별시,성동구,용답동,성동구 용답동,성동구 용답동
서울특별시 광진구 화양동,1121571000,화양동,1121510700,28124,18354,1.53,6177.5,서울특별시,광진구,화양동,광진구 화양동,광진구 화양동
서울특별시 광진구 군자동,1121573000,군자동,1121510900,22308,11316,1.97,5455.82,서울특별시,광진구,군자동,광진구 군자동,광진구 군자동
서울특별시 광진구 중곡1동,1121574000,중곡동,1121510100,15493,7639,2.03,5054.02,서울특별시,광진구,중곡1동,광진구 중곡1동,광진구 중곡동
서울특별시 광진구 중곡2동,1121575000,중곡동,1121510100,21513,9857,2.18,5054.02,서울특별시,광진구,중곡2동,광진구 중곡2동,광진구 중곡동
서울특별시 광진구 중곡3동,1121576000,중곡동,1121510100,16289,7733,2.11,5054.02,서울특별시,광진구,중곡3동,광진구 중곡3동,광진구 중곡동
서울특별시 광진구 중곡4동,1121577000,중곡동,1121510100,28612,12111,2.36,5054.02,서울특별시,광진구,중곡4동,광진구 중곡4동,광진구 중곡동
서울특별시 광진구 능동,1121578000,능동,1121510200,11501,6233,1.85,6992.71,서울특별시,광진구,능동,광진구 능동,광진구 능동
서울특별시 광진구 광장동,1121581000,광장동,1121510400,34206,11235,3.04,5997.21,서울특별시,광진구,광장동,광진구 광장동,광진구 광장동
서울특별시 광진구 자양1동,1121582000,자양동,1121510500,23199,11202,2.07,5425.21,서울특별시,광진구,자양1동,광진구 자양1동,광진구 자양동
서울특별시 광진구 자양2동,1121583000,자양동,1121510500,25349,10443,2.43,5425.21,서울특별시,광진구,자양2동,광진구 자양2동,광진구 자양동
서울특별시 광진구 자양3동,1121584000,자양동,1121510500,27806,10228,2.72,5425.21,서울특별시,광진구,자양3동,광진구 자양3동,광진구 자양동
서울특별시 광진구 자양4동,1121584700,자양동,1121510500,22673,11086,2.05,5425.21,서울특별시,광진구,자양4동,광진구 자양4동,광진구 자양동
서울특별시 광진구 구의1동,1121585000,구의동,1121510300,22228,11495,1.93,6037.69,서울특별시,광진구,구의1동,광진구 구의1동,광진구 구의동
서울특별시 광진구 구의2동,1121586000,구의동,1121510300,26536,10688,2.48,6037.69,서울특별시,광진구,구의2동,광진구 구의2동,광진구 구의동
서울특별시 광진구 구의3동,1121587000,구의동,1121510300,28130,11324,2.48,6037.69,서울특별시,광진구,구의3동,광진구 구의3동,광진구 구의동
서울특별시 동대문구 용신동,1123053600,신설동,1123010100,31644,16617,1.9,3211.2,서울특별시,동대문구,용신동,동대문구 용신동,동대문구 용신동
서울특별시 동대문구 용신동,1123053600,용두동,1123010200,31644,16617,1.9,3505.55,서울특별시,동대문구,용신동,동대문구 용신동,동대문구 용신동
서울특별시 동대문구 제기동,1123054500,제기동,1123010300,26289,12973,2.03,3409.0,서울특별시,동대문구,제기동,동대문구 제기동,동대문구 제기동
서울특별시 동대문구 전농1동,1123056000,전농동,1123010400,29807,13906,2.14,3700.46,서울특별시,동대문구,전농1동,동대문구 전농1동,동대문구 전농동
서울특별시 동대문구 전농2동,1123057000,전농동,1123010400,19345,7218,2.68,3700.46,서울특별시,동대문구,전농2동,동대문구 전농2동,동대문구 전농동
서울특별시 동대문구 답십리1동,1123060000,답십리동,1123010500,28367,11783,2.41,3673.98,서울특별시,동대문구,답십리1동,동대문구 답십리1동,동대문구 답십리동
서울특별시 동대문구 답십리2동,1123061000,답십리동,1123010500,28537,11937,2.39,3673.98,서울특별시,동대문구,답십리2동,동대문구 답십리2동,동대문구 답십리동
서울특별시 동대문구 장안1동,1123065000,장안동,1123010600,37534,16251,2.31,3908.2,서울특별시,동대문구,장안1동,동대문구 장안1동,동대문구 장안동
서울특별시 동대문구 장안2동,1123066000,장안동,1123010600,32565,12547,2.6,3908.2,서울특별시,동대문구,장안2동,동대문구 장안2동,동대문구 장안동
서울특별시 동대문구 청량리동,1123070500,청량리동,1123010700,19906,9024,2.21,3244.28,서울특별시,동대문구,청량리동,동대문구 청량리동,동대문구 청량리동
서울특별시 동대문구 회기동,1123071000,회기동,1123010800,14028,7546,1.86,4522.99,서울특별시,동대문구,회기동,동대문구 회기동,동대문구 회기동
서울특별시 동대문구 휘경1동,1123072000,휘경동,1123010900,15367,7790,1.97,4105.24,서울특별시,동대문구,휘경1동,동대문구 휘경1동,동대문구 휘경동
서울특별시 동대문구 휘경2동,1123073000,휘경동,1123010900,24715,11366,2.17,4105.24,서울특별시,동대문구,휘경2동,동대문구 휘경2동,동대문구 휘경동
서울특별시 동대문구 이문1동,1123074000,이문동,1123011000,22243,11500,1.93,3796.7,서울특별시,동대문구,이문1동,동대문구 이문1동,동대문구 이문동
서울특별시 동대문구 이문2동,1123075000,이문동,1123011000,20710,8441,2.45,3796.7,서울특별시,동대문구,이문2동,동대문구 이문2동,동대문구 이문동
서울특별시 중랑구 면목2동,1126052000,면목동,1126010100,24256,10897,2.23,3647.99,서울특별시,중랑구,면목2동,중랑구 면목2동,중랑구 면목동
서울특별시 중랑구 면목4동,1126054000,면목동,1126010100,18498,8017,2.31,3647.99,서울특별시,중랑구,면목4동,중랑구 면목4동,중랑구 면목동
서울특별시 중랑구 면목5동,1126055000,면목동,1126010100,14042,5764,2.44,3647.99,서울특별시,중랑구,면목5동,중랑구 면목5동,중랑구 면목동
서울특별시 중랑구 면목본동,1126056500,면목동,1126010100,34229,16118,2.12,3647.99,서울특별시,중랑구,면목본동,중랑구 면목본동,중랑구 면목본동
서울특별시 중랑구 면목7동,1126057000,면목동,1126010100,21748,9666,2.25,3647.99,서울특별시,중랑구,면목7동,중랑구 면목7동,중랑구 면목동
서울특별시 중랑구 면목3·8동,1126057500,면목동,1126010100,25006,11496,2.18,3647.99,서울특별시,중랑구,면목3·8동,중랑구 면목3·8동,중랑구 면목·동
서울특별시 중랑구 상봉1동,1126058000,상봉동,1126010200,24177,9498,2.55,3987.76,서울특별시,중랑구,상봉1동,중랑구 상봉1동,중랑구 상봉동
서울특별시 중랑구 상봉2동,1126059000,상봉동,1126010200,19511,10496,1.86,3987.76,서울특별시,중랑구,상봉2동,중랑구 상봉2동,중랑구 상봉동
서울특별시 중랑구 중화1동,1126060000,중화동,1126010300,19653,8196,2.4,3967.03,서울특별시,중랑구,중화1동,중랑구 중화1동,중랑구 중화동
서울특별시 중랑구 중화2동,1126061000,중화동,1126010300,25395,12539,2.03,3967.03,서울특별시,중랑구,중화2동,중랑구 중화2동,중랑구 중화동
서울특별시 중랑구 묵1동,1126062000,묵동,1126010400,34195,13647,2.51,4176.23,서울특별시,중랑구,묵1동,중랑구 묵1동,중랑구 묵동
서울특별시 중랑구 묵2동,1126063000,묵동,1126010400,19057,8500,2.24,4176.23,서울특별시,중랑구,묵2동,중랑구 묵2동,중랑구 묵동
서울특별시 중랑구 망우본동,1126065500,망우동,1126010500,29446,13064,2.25,3927.86,서울특별시,중랑구,망우본동,중랑구 망우본동,중랑구 망우본동
서울특별시 중랑구 망우3동,1126066000,망우동,1126010500,16997,7539,2.25,3927.86,서울특별시,중랑구,망우3동,중랑구 망우3동,중랑구 망우동
서울특별시 중랑구 신내1동,1126068000,신내동,1126010600,38747,13693,2.83,3837.79,서울특별시,중랑구,신내1동,중랑구 신내1동,중랑구 신내동
서울특별시 중랑구 신내2동,1126069000,신내동,1126010600,20706,8487,2.44,3837.79,서울특별시,중랑구,신내2동,중랑구 신내2동,중랑구 신내동
서울특별시 성북구 성북동,1129052500,성북동,1129010100,16346,7484,2.18,7694.52,서울특별시,성북구,성북동,성북구 성북동,성북구 성북동
서울특별시 성북구 성북동,1129052500,성북동1가,1129010200,16346,7484,2.18,4447.75,서울특별시,성북구,성북동,성북구 성북동,성북구 성북동
서울특별시 성북구 성북동,1129052500,동소문동1가,1129010400,16346,7484,2.18,4343.32,서울특별시,성북구,성북동,성북구 성북동,성북구 성북동
서울특별시 성북구 성북동,1129052500,동소문동4가,1129010700,16346,7484,2.18,4341.44,서울특별시,성북구,성북동,성북구 성북동,성북구 성북동
서울특별시 성북구 삼선동,1129055500,동소문동2가,1129010500,23764,11068,2.15,3323.05,서울특별시,성북구,삼선동,성북구 삼선동,성북구 삼선동
서울특별시 성북구 삼선동,1129055500,동소문동3가,1129010600,23764,11068,2.15,3864.35,서울특별시,성북구,삼선동,성북구 삼선동,성북구 삼선동
서울특별시 성북구 삼선동,1129055500,동소문동5가,1129010800,23764,11068,2.15,3893.4,서울특별시,성북구,삼선동,성북구 삼선동,성북구 삼선동
서울특별시 성북구 삼선동,1129055500,삼선동1가,1129011100,23764,11068,2.15,3537.26,서울특별시,성북구,삼선동,성북구 삼선동,성북구 삼선동
서울특별시 성북구 삼선동,1129055500,삼선동2가,1129011200,23764,11068,2.15,3786.67,서울특별시,성북구,삼선동,성북구 삼선동,성북구 삼선동
서울특별시 성북구 삼선동,1129055500,삼선동3가,1129011300,23764,11068,2.15,4321.74,서울특별시,성북구,삼선동,성북구 삼선동,성북구 삼선동
서울특별시 성북구 삼선동,1129055500,삼선동4가,1129011400,23764,11068,2.15,4243.59,서울특별시,성북구,삼선동,성북구 삼선동,성북구 삼선동
서울특별시 성북구 삼선동,1129055500,삼선동5가,1129011500,23764,11068,2.15,4570.28,서울특별시,성북구,삼선동,성북구 삼선동,성북구 삼선동
서울특별시 성북구 동선동,1129057500,돈암동,1129010300,15990,9047,1.77,3783.38,서울특별시,성북구,동선동,성북구 동선동,성북구 동선동
서울특별시 성북구 동선동,1129057500,동소문동6가,1129010900,15990,9047,1.77,4055.1,서울특별시,성북구,동선동,성북구 동선동,성북구 동선동
서울특별시 성북구 동선동,1129057500,동소문동7가,1129011000,15990,9047,1.77,3714.87,서울특별시,성북구,동선동,성북구 동선동,성북구 동선동
서울특별시 성북구 동선동,1129057500,동선동1가,1129011600,15990,9047,1.77,4141.75,서울특별시,성북구,동선동,성북구 동선동,성북구 동선동
서울특별시 성북구 동선동,1129057500,동선동2가,1129011700,15990,9047,1.77,4319.29,서울특별시,성북구,동선동,성북구 동선동,성북구 동선동
서울특별시 성북구 동선동,1129057500,동선동3가,1129011800,15990,9047,1.77,4268.0,서울특별시,성북구,동선동,성북구 동선동,성북구 동선동
서울특별시 성북구 동선동,1129057500,동선동4가,1129011900,15990,9047,1.77,4289.87,서울특별시,성북구,동선동,성북구 동선동,성북구 동선동
서울특별시 성북구 동선동,1129057500,동선동5가,1129012000,15990,9047,1.77,4253.49,서울특별시,성북구,동선동,성북구 동선동,성북구 동선동
서울특별시 성북구 돈암1동,1129058000,돈암동,1129010300,14733,5843,2.52,3783.38,서울특별시,성북구,돈암1동,성북구 돈암1동,성북구 돈암동
서울특별시 성북구 돈암2동,1129059000,돈암동,1129010300,23496,8150,2.88,3783.38,서울특별시,성북구,돈암2동,성북구 돈암2동,성북구 돈암동
서울특별시 성북구 안암동,1129060000,안암동1가,1129012100,18467,10007,1.85,4024.16,서울특별시,성북구,안암동,성북구 안암동,성북구 안암동
서울특별시 성북구 안암동,1129060000,안암동2가,1129012200,18467,10007,1.85,3506.71,서울특별시,성북구,안암동,성북구 안암동,성북구 안암동
서울특별시 성북구 안암동,1129060000,안암동3가,1129012300,18467,10007,1.85,3586.95,서울특별시,성북구,안암동,성북구 안암동,성북구 안암동
서울특별시 성북구 안암동,1129060000,안암동4가,1129012400,18467,10007,1.85,5125.67,서울특별시,성북구,안암동,성북구 안암동,성북구 안암동
서울특별시 성북구 안암동,1129060000,안암동5가,1129012500,18467,10007,1.85,4492.33,서울특별시,성북구,안암동,성북구 안암동,성북구 안암동
서울특별시 성북구 보문동,1129061000,보문동4가,1129012600,16305,7378,2.21,3852.9,서울특별시,성북구,보문동,성북구 보문동,성북구 보문동
서울특별시 성북구 보문동,1129061000,보문동5가,1129012700,16305,7378,2.21,3643.75,서울특별시,성북구,보문동,성북구 보문동,성북구 보문동
서울특별시 성북구 보문동,1129061000,보문동6가,1129012800,16305,7378,2.21,3632.11,서울특별시,성북구,보문동,성북구 보문동,성북구 보문동
서울특별시 성북구 보문동,1129061000,보문동7가,1129012900,16305,7378,2.21,3594.18,서울특별시,성북구,보문동,성북구 보문동,성북구 보문동
서울특별시 성북구 보문동,1129061000,보문동1가,1129013000,16305,7378,2.21,2901.69,서울특별시,성북구,보문동,성북구 보문동,성북구 보문동
서울특별시 성북구 보문동,1129061000,보문동2가,1129013100,16305,7378,2.21,3984.86,서울특별시,성북구,보문동,성북구 보문동,성북구 보문동
서울특별시 성북구 보문동,1129061000,보문동3가,1129013200,16305,7378,2.21,3577.86,서울특별시,성북구,보문동,성북구 보문동,성북구 보문동
서울특별시 성북구 정릉1동,1129062000,정릉동,1129013300,18481,7139,2.59,3668.91,서울특별시,성북구,정릉1동,성북구 정릉1동,성북구 정릉동
서울특별시 성북구 정릉1동,1129062000,길음동,1129013400,18481,7139,2.59,3845.54,서울특별시,성북구,정릉1동,성북구 정릉1동,성북구 정릉동
서울특별시 성북구 정릉2동,1129063000,돈암동,1129010300,22963,9071,2.53,3783.38,서울특별시,성북구,정릉2동,성북구 정릉2동,성북구 정릉동
서울특별시 성북구 정릉2동,1129063000,정릉동,1129013300,22963,9071,2.53,3668.91,서울특별시,성북구,정릉2동,성북구 정릉2동,성북구 정릉동
서울특별시 성북구 정릉3동,1129064000,정릉동,1129013300,17565,7882,2.23,3668.91,서울특별시,성북구,정릉3동,성북구 정릉3동,성북구 정릉동
서울특별시 성북구 정릉4동,1129065000,정릉동,1129013300,25170,10018,2.51,3668.91,서울특별시,성북구,정릉4동,성북구 정릉4동,성북구 정릉동
서울특별시 성북구 길음1동,1129066000,길음동,1129013400,35023,11901,2.94,3845.54,서울특별시,성북구,길음1동,성북구 길음1동,성북구 길음동
서울특별시 성북구 길음2동,1129068500,길음동,1129013400,16711,6466,2.58,3845.54,서울특별시,성북구,길음2동,성북구 길음2동,성북구 길음동
서울특별시 성북구 길음2동,1129068500,하월곡동,1129013600,16711,6466,2.58,3540.47,서울특별시,성북구,길음2동,성북구 길음2동,성북구 길음동
서울특별시 성북구 종암동,1129070500,종암동,1129013500,40945,17260,2.37,3674.34,서울특별시,성북구,종암동,성북구 종암동,성북구 종암동
서울특별시 성북구 월곡1동,1129071500,하월곡동,1129013600,26175,10089,2.59,3540.47,서울특별시,성북구,월곡1동,성북구 월곡1동,성북구 월곡동
서울특별시 성북구 월곡2동,1129072500,하월곡동,1129013600,20300,9238,2.2,3540.47,서울특별시,성북구,월곡2동,성북구 월곡2동,성북구 월곡동
서울특별시 성북구 월곡2동,1129072500,상월곡동,1129013700,20300,9238,2.2,3471.29,서울특별시,성북구,월곡2동,성북구 월곡2동,성북구 월곡동
서울특별시 성북구 장위1동,1129076000,장위동,1129013800,19411,8134,2.39,3804.88,서울특별시,성북구,장위1동,성북구 장위1동,성북구 장위동
서울특별시 성북구 장위2동,1129077000,장위동,1129013800,13774,5980,2.3,3804.88,서울특별시,성북구,장위2동,성북구 장위2동,성북구 장위동
서울특별시 성북구 장위3동,1129078000,장위동,1129013800,17256,6854,2.52,3804.88,서울특별시,성북구,장위3동,성북구 장위3동,성북구 장위동
서울특별시 성북구 석관동,1129081000,석관동,1129013900,35958,15862,2.27,3600.15,서울특별시,성북구,석관동,성북구 석관동,성북구 석관동
서울특별시 강북구 삼양동,1130553400,미아동,1130510100,23494,9916,2.37,3467.21,서울특별시,강북구,삼양동,강북구 삼양동,강북구 삼양동
서울특별시 강북구 미아동,1130553500,미아동,1130510100,22156,10841,2.04,3467.21,서울특별시,강북구,미아동,강북구 미아동,강북구 미아동
서울특별시 강북구 송중동,1130554500,미아동,1130510100,29719,13027,2.28,3467.21,서울특별시,강북구,송중동,강북구 송중동,강북구 송중동
서울특별시 강북구 송천동,1130555500,미아동,1130510100,26986,12233,2.21,3467.21,서울특별시,강북구,송천동,강북구 송천동,강북구 송천동
서울특별시 강북구 삼각산동,1130557500,미아동,1130510100,30954,11062,2.8,3467.21,서울특별시,강북구,삼각산동,강북구 삼각산동,강북구 삼각산동
서울특별시 강북구 번1동,1130559500,번동,1130510200,18848,9514,1.98,3640.1,서울특별시,강북구,번1동,강북구 번1동,강북구 번동
서울특별시 강북구 번2동,1130560300,번동,1130510200,15908,7028,2.26,3640.1,서울특별시,강북구,번2동,강북구 번2동,강북구 번동
서울특별시 강북구 번3동,1130560800,번동,1130510200,16994,7159,2.37,3640.1,서울특별시,강북구,번3동,강북구 번3동,강북구 번동
서울특별시 강북구 수유1동,1130561500,수유동,1130510300,20423,9286,2.2,3657.81,서울특별시,강북구,수유1동,강북구 수유1동,강북구 수유동
서울특별시 강북구 수유2동,1130562500,수유동,1130510300,20591,8792,2.34,3657.81,서울특별시,강북구,수유2동,강북구 수유2동,강북구 수유동
서울특별시 강북구 수유3동,1130563500,수유동,1130510300,22975,11766,1.95,3657.81,서울특별시,강북구,수유3동,강북구 수유3동,강북구 수유동
서울특별시 강북구 우이동,1130564500,수유동,1130510300,20038,8360,2.4,3657.81,서울특별시,강북구,우이동,강북구 우이동,강북구 우이동
서울특별시 강북구 우이동,1130564500,우이동,1130510400,20038,8360,2.4,3679.82,서울특별시,강북구,우이동,강북구 우이동,강북구 우이동
서울특별시 강북구 인수동,1130566000,수유동,1130510300,30449,12900,2.36,3657.81,서울특별시,강북구,인수동,강북구 인수동,강북구 인수동
서울특별시 도봉구 창1동,1132051100,창동,1132010700,24432,10183,2.4,3733.22,서울특별시,도봉구,창1동,도봉구 창1동,도봉구 창동
서울특별시 도봉구 창2동,1132051200,창동,1132010700,29054,11524,2.52,3733.22,서울특별시,도봉구,창2동,도봉구 창2동,도봉구 창동
서울특별시 도봉구 창3동,1132051300,창동,1132010700,13933,5977,2.33,3733.22,서울특별시,도봉구,창3동,도봉구 창3동,도봉구 창동
서울특별시 도봉구 창4동,1132051400,창동,1132010700,26182,10018,2.61,3733.22,서울특별시,도봉구,창4동,도봉구 창4동,도봉구 창동
서울특별시 도봉구 창5동,1132051500,창동,1132010700,24454,9625,2.54,3733.22,서울특별시,도봉구,창5동,도봉구 창5동,도봉구 창동
서울특별시 도봉구 도봉1동,1132052100,도봉동,1132010800,20685,9222,2.24,3597.97,서울특별시,도봉구,도봉1동,도봉구 도봉1동,도봉구 도봉동
서울특별시 도봉구 도봉2동,1132052200,도봉동,1132010800,26853,10989,2.44,3597.97,서울특별시,도봉구,도봉2동,도봉구 도봉2동,도봉구 도봉동
서울특별시 도봉구 쌍문1동,1132066000,쌍문동,1132010500,21779,8750,2.49,3714.43,서울특별시,도봉구,쌍문1동,도봉구 쌍문1동,도봉구 쌍문동
서울특별시 도봉구 쌍문2동,1132067000,쌍문동,1132010500,18801,8016,2.35,3714.43,서울특별시,도봉구,쌍문2동,도봉구 쌍문2동,도봉구 쌍문동
서울특별시 도봉구 쌍문3동,1132068000,쌍문동,1132010500,16483,7466,2.21,3714.43,서울특별시,도봉구,쌍문3동,도봉구 쌍문3동,도봉구 쌍문동
서울특별시 도봉구 쌍문4동,1132068100,쌍문동,1132010500,18486,6783,2.73,3714.43,서울특별시,도봉구,쌍문4동,도봉구 쌍문4동,도봉구 쌍문동
서울특별시 도봉구 방학1동,1132069000,방학동,1132010600,28070,11687,2.4,3824.87,서울특별시,도봉구,방학1동,도봉구 방학1동,도봉구 방학동
서울특별시 도봉구 방학2동,1132070000,방학동,1132010600,19599,8579,2.28,3824.87,서울특별시,도봉구,방학2동,도봉구 방학2동,도봉구 방학동
서울특별시 도봉구 방학3동,1132071000,방학동,1132010600,27168,9559,2.84,3824.87,서울특별시,도봉구,방학3동,도봉구 방학3동,도봉구 방학동
서울특별시 노원구 월계1동,1135056000,월계동,1135010200,23195,9889,2.35,3981.4,서울특별시,노원구,월계1동,노원구 월계1동,노원구 월계동
서울특별시 노원구 월계2동,1135057000,월계동,1135010200,26816,11425,2.35,3981.4,서울특별시,노원구,월계2동,노원구 월계2동,노원구 월계동
서울특별시 노원구 월계3동,1135058000,월계동,1135010200,29641,12309,2.41,3981.4,서울특별시,노원구,월계3동,노원구 월계3동,노원구 월계동
서울특별시 노원구 공릉1동,1135059500,공릉동,1135010300,37620,17539,2.14,4722.2,서울특별시,노원구,공릉1동,노원구 공릉1동,노원구 공릉동
서울특별시 노원구 공릉2동,1135060000,공릉동,1135010300,40575,15758,2.57,4722.2,서울특별시,노원구,공릉2동,노원구 공릉2동,노원구 공릉동
서울특별시 노원구 하계1동,1135061100,하계동,1135010400,27682,10679,2.59,4133.37,서울특별시,노원구,하계1동,노원구 하계1동,노원구 하계동
서울특별시 노원구 하계2동,1135061200,하계동,1135010400,21990,7939,2.77,4133.37,서울특별시,노원구,하계2동,노원구 하계2동,노원구 하계동
서울특별시 노원구 중계본동,1135061900,중계동,1135010600,24008,7884,3.05,3321.14,서울특별시,노원구,중계본동,노원구 중계본동,노원구 중계본동
서울특별시 노원구 중계1동,1135062100,중계동,1135010600,26623,8700,3.06,3321.14,서울특별시,노원구,중계1동,노원구 중계1동,노원구 중계동
서울특별시 노원구 중계4동,1135062400,중계동,1135010600,20089,7886,2.55,3321.14,서울특별시,노원구,중계4동,노원구 중계4동,노원구 중계동
서울특별시 노원구 중계2·3동,1135062500,중계동,1135010600,34563,14400,2.4,3321.14,서울특별시,노원구,중계2·3동,노원구 중계2·3동,노원구 중계·동
서울특별시 노원구 상계1동,1135063000,상계동,1135010500,38051,14597,2.61,3676.98,서울특별시,노원구,상계1동,노원구 상계1동,노원구 상계동
서울특별시 노원구 상계2동,1135064000,상계동,1135010500,20125,8063,2.5,3676.98,서울특별시,노원구,상계2동,노원구 상계2동,노원구 상계동
서울특별시 노원구 상계3·4동,1135066500,상계동,1135010500,25887,10932,2.37,3676.98,서울특별시,노원구,상계3·4동,노원구 상계3·4동,노원구 상계·동
서울특별시 노원구 상계5동,1135067000,상계동,1135010500,24007,10085,2.38,3676.98,서울특별시,노원구,상계5동,노원구 상계5동,노원구 상계동
서울특별시 노원구 상계6·7동,1135069500,상계동,1135010500,32476,13102,2.48,3676.98,서울특별시,노원구,상계6·7동,노원구 상계6·7동,노원구 상계·동
서울특별시 노원구 상계8동,1135070000,상계동,1135010500,22389,8747,2.56,3676.98,서울특별시,노원구,상계8동,노원구 상계8동,노원구 상계동
서울특별시 노원구 상계9동,1135071000,상계동,1135010500,20550,8009,2.57,3676.98,서울특별시,노원구,상계9동,노원구 상계9동,노원구 상계동
서울특별시 노원구 상계10동,1135072000,상계동,1135010500,15695,6267,2.5,3676.98,서울특별시,노원구,상계10동,노원구 상계10동,노원구 상계동
서울특별시 은평구 녹번동,1138051000,녹번동,1138010200,37283,15898,2.35,4622.89,서울특별시,은평구,녹번동,은평구 녹번동,은평구 녹번동
서울특별시 은평구 불광1동,1138052000,불광동,1138010300,37940,16130,2.35,4340.3,서울특별시,은평구,불광1동,은평구 불광1동,은평구 불광동
서울특별시 은평구 불광2동,1138053000,불광동,1138010300,28089,12748,2.2,4340.3,서울특별시,은평구,불광2동,은평구 불광2동,은평구 불광동
서울특별시 은평구 갈현1동,1138055100,갈현동,1138010400,22811,10049,2.27,4394.9,서울특별시,은평구,갈현1동,은평구 갈현1동,은평구 갈현동
서울특별시 은평구 갈현2동,1138055200,갈현동,1138010400,28625,11600,2.47,4394.9,서울특별시,은평구,갈현2동,은평구 갈현2동,은평구 갈현동
서울특별시 은평구 구산동,1138056000,구산동,1138010500,31971,11930,2.68,4537.62,서울특별시,은평구,구산동,은평구 구산동,은평구 구산동
서울특별시 은평구 대조동,1138057000,대조동,1138010600,26694,13045,2.05,4531.56,서울특별시,은평구,대조동,은평구 대조동,은평구 대조동
서울특별시 은평구 응암1동,1138058000,응암동,1138010700,26444,11270,2.35,4056.6,서울특별시,은평구,응암1동,은평구 응암1동,은평구 응암동
서울특별시 은평구 응암2동,1138059000,응암동,1138010700,26691,10184,2.62,4056.6,서울특별시,은평구,응암2동,은평구 응암2동,은평구 응암동
서울특별시 은평구 응암3동,1138060000,응암동,1138010700,24668,11468,2.15,4056.6,서울특별시,은평구,응암3동,은평구 응암3동,은평구 응암동
서울특별시 은평구 역촌동,1138062500,역촌동,1138010800,45608,18956,2.41,4606.14,서울특별시,은평구,역촌동,은평구 역촌동,은평구 역촌동
서울특별시 은평구 신사1동,1138063100,신사동,1138010900,26926,11051,2.44,3946.82,서울특별시,은평구,신사1동,은평구 신사1동,은평구 신사동
서울특별시 은평구 신사2동,1138063200,신사동,1138010900,20236,8310,2.44,3946.82,서울특별시,은평구,신사2동,은평구 신사2동,은평구 신사동
서울특별시 은평구 증산동,1138064000,증산동,1138011000,15049,6223,2.42,4411.64,서울특별시,은평구,증산동,은평구 증산동,은평구 증산동
서울특별시 은평구 수색동,1138065000,수색동,1138010100,8887,3619,2.46,3952.18,서울특별시,은평구,수색동,은평구 수색동,은평구 수색동
서울특별시 은평구 진관동,1138069000,진관동,1138011400,55180,20100,2.75,3885.86,서울특별시,은평구,진관동,은평구 진관동,은평구 진관동
서울특별시 서대문구 천연동,1141052000,냉천동,1141010500,17792,7318,2.43,4034.65,서울특별시,서대문구,천연동,서대문구 천연동,서대문구 천연동
서울특별시 서대문구 천연동,1141052000,천연동,1141010600,17792,7318,2.43,4370.99,서울특별시,서대문구,천연동,서대문구 천연동,서대문구 천연동
서울특별시 서대문구 천연동,1141052000,옥천동,1141010700,17792,7318,2.43,3738.73,서울특별시,서대문구,천연동,서대문구 천연동,서대문구 천연동
서울특별시 서대문구 천연동,1141052000,영천동,1141010800,17792,7318,2.43,3769.35,서울특별시,서대문구,천연동,서대문구 천연동,서대문구 천연동
서울특별시 서대문구 천연동,1141052000,현저동,1141010900,17792,7318,2.43,3012.2,서울특별시,서대문구,천연동,서대문구 천연동,서대문구 천연동
서울특별시 서대문구 북아현동,1141055500,북아현동,1141011000,16373,7040,2.33,4378.6,서울특별시,서대문구,북아현동,서대문구 북아현동,서대문구 북아현동
서울특별시 서대문구 충현동,1141056500,충정로2가,1141010100,20190,9344,2.16,4580.77,서울특별시,서대문구,충현동,서대문구 충현동,서대문구 충현동
서울특별시 서대문구 충현동,1141056500,충정로3가,1141010200,20190,9344,2.16,4091.79,서울특별시,서대문구,충현동,서대문구 충현동,서대문구 충현동
서울특별시 서대문구 충현동,1141056500,합동,1141010300,20190,9344,2.16,4725.82,서울특별시,서대문구,충현동,서대문구 충현동,서대문구 충현동
서울특별시 서대문구 충현동,1141056500,미근동,1141010400,20190,9344,2.16,3495.26,서울특별시,서대문구,충현동,서대문구 충현동,서대문구 충현동
서울특별시 서대문구 충현동,1141056500,북아현동,1141011000,20190,9344,2.16,4378.6,서울특별시,서대문구,충현동,서대문구 충현동,서대문구 충현동
서울특별시 서대문구 신촌동,1141058500,대현동,1141011200,26434,14793,1.79,4804.99,서울특별시,서대문구,신촌동,서대문구 신촌동,서대문구 신촌동
서울특별시 서대문구 신촌동,1141058500,대신동,1141011300,26434,14793,1.79,6148.3,서울특별시,서대문구,신촌동,서대문구 신촌동,서대문구 신촌동
서울특별시 서대문구 신촌동,1141058500,신촌동,1141011400,26434,14793,1.79,5255.71,서울특별시,서대문구,신촌동,서대문구 신촌동,서대문구 신촌동
서울특별시 서대문구 신촌동,1141058500,봉원동,1141011500,26434,14793,1.79,3846.48,서울특별시,서대문구,신촌동,서대문구 신촌동,서대문구 신촌동
서울특별시 서대문구 신촌동,1141058500,창천동,1141011600,26434,14793,1.79,5394.79,서울특별시,서대문구,신촌동,서대문구 신촌동,서대문구 신촌동
서울특별시 서대문구 연희동,1141061500,연희동,1141011700,40195,19642,2.05,6218.82,서울특별시,서대문구,연희동,서대문구 연희동,서대문구 연희동
서울특별시 서대문구 홍제1동,1141062000,홍제동,1141011100,23762,9651,2.46,4138.59,서울특별시,서대문구,홍제1동,서대문구 홍제1동,서대문구 홍제동
서울특별시 서대문구 홍제3동,1141064000,홍제동,1141011100,15384,6551,2.35,4138.59,서울특별시,서대문구,홍제3동,서대문구 홍제3동,서대문구 홍제동
서울특별시 서대문구 홍제2동,1141065500,홍제동,1141011100,13699,5540,2.47,4138.59,서울특별시,서대문구,홍제2동,서대문구 홍제2동,서대문구 홍제동
서울특별시 서대문구 홍은1동,1141066000,홍은동,1141011800,22204,8978,2.47,3830.59,서울특별시,서대문구,홍은1동,서대문구 홍은1동,서대문구 홍은동
서울특별시 서대문구 홍은2동,1141068500,홍은동,1141011800,26793,11497,2.33,3830.59,서울특별시,서대문구,홍은2동,서대문구 홍은2동,서대문구 홍은동
서울특별시 서대문구 남가좌1동,1141069000,남가좌동,1141012000,15422,5467,2.82,3944.75,서울특별시,서대문구,남가좌1동,서대문구 남가좌1동,서대문구 남가좌동
서울특별시 서대문구 남가좌2동,1141070000,남가좌동,1141012000,29095,12439,2.34,3944.75,서울특별시,서대문구,남가좌2동,서대문구 남가좌2동,서대문구 남가좌동
서울특별시 서대문구 북가좌1동,1141071000,북가좌동,1141011900,17845,6520,2.74,4564.93,서울특별시,서대문구,북가좌1동,서대문구 북가좌1동,서대문구 북가좌동
서울특별시 서대문구 북가좌2동,1141072000,북가좌동,1141011900,32021,13748,2.33,4564.93,서울특별시,서대문구,북가좌2동,서대문구 북가좌2동,서대문구 북가좌동
서울특별시 마포구 아현동,1144055500,아현동,1144010100,24327,9651,2.52,4825.7,서울특별시,마포구,아현동,마포구 아현동,마포구 아현동
서울특별시 마포구 아현동,1144055500,공덕동,1144010200,24327,9651,2.52,4066.56,서울특별시,마포구,아현동,마포구 아현동,마포구 아현동
서울특별시 마포구 아현동,1144055500,염리동,1144010900,24327,9651,2.52,4971.68,서울특별시,마포구,아현동,마포구 아현동,마포구 아현동
서울특별시 마포구 공덕동,1144056500,아현동,1144010100,37185,16918,2.2,4825.7,서울특별시,마포구,공덕동,마포구 공덕동,마포구 공덕동
서울특별시 마포구 공덕동,1144056500,공덕동,1144010200,37185,16918,2.2,4066.56,서울특별시,마포구,공덕동,마포구 공덕동,마포구 공덕동
서울특별시 마포구 공덕동,1144056500,신공덕동,1144010300,37185,16918,2.2,3955.16,서울특별시,마포구,공덕동,마포구 공덕동,마포구 공덕동
서울특별시 마포구 공덕동,1144056500,도화동,1144010400,37185,16918,2.2,4780.15,서울특별시,마포구,공덕동,마포구 공덕동,마포구 공덕동
서울특별시 마포구 도화동,1144058500,도화동,1144010400,20644,8598,2.4,4780.15,서울특별시,마포구,도화동,마포구 도화동,마포구 도화동
서울특별시 마포구 도화동,1144058500,마포동,1144010700,20644,8598,2.4,5438.95,서울특별시,마포구,도화동,마포구 도화동,마포구 도화동
서울특별시 마포구 용강동,1144059000,도화동,1144010400,21111,8578,2.46,4780.15,서울특별시,마포구,용강동,마포구 용강동,마포구 용강동
서울특별시 마포구 용강동,1144059000,용강동,1144010500,21111,8578,2.46,5994.17,서울특별시,마포구,용강동,마포구 용강동,마포구 용강동
서울특별시 마포구 용강동,1144059000,토정동,1144010600,21111,8578,2.46,4439.83,서울특별시,마포구,용강동,마포구 용강동,마포구 용강동
서울특별시 마포구 용강동,1144059000,마포동,1144010700,21111,8578,2.46,5438.95,서울특별시,마포구,용강동,마포구 용강동,마포구 용강동
서울특별시 마포구 용강동,1144059000,대흥동,1144010800,21111,8578,2.46,4570.4,서울특별시,마포구,용강동,마포구 용강동,마포구 용강동
서울특별시 마포구 용강동,1144059000,염리동,1144010900,21111,8578,2.46,4971.68,서울특별시,마포구,용강동,마포구 용강동,마포구 용강동
서울특별시 마포구 대흥동,1144060000,대흥동,1144010800,15533,8160,1.9,4570.4,서울특별시,마포구,대흥동,마포구 대흥동,마포구 대흥동
서울특별시 마포구 대흥동,1144060000,노고산동,1144011000,15533,8160,1.9,4758.39,서울특별시,마포구,대흥동,마포구 대흥동,마포구 대흥동
서울특별시 마포구 대흥동,1144060000,신수동,1144011100,15533,8160,1.9,5606.41,서울특별시,마포구,대흥동,마포구 대흥동,마포구 대흥동
서울특별시 마포구 염리동,1144061000,공덕동,1144010200,11843,5202,2.28,4066.56,서울특별시,마포구,염리동,마포구 염리동,마포구 염리동
서울특별시 마포구 염리동,1144061000,염리동,1144010900,11843,5202,2.28,4971.68,서울특별시,마포구,염리동,마포구 염리동,마포구 염리동
서울특별시 마포구 신수동,1144063000,대흥동,1144010800,22945,9762,2.35,4570.4,서울특별시,마포구,신수동,마포구 신수동,마포구 신수동
서울특별시 마포구 신수동,1144063000,신수동,1144011100,22945,9762,2.35,5606.41,서울특별시,마포구,신수동,마포구 신수동,마포구 신수동
서울특별시 마포구 신수동,1144063000,현석동,1144011200,22945,9762,2.35,6163.41,서울특별시,마포구,신수동,마포구 신수동,마포구 신수동
서울특별시 마포구 신수동,1144063000,구수동,1144011300,22945,9762,2.35,5239.55,서울특별시,마포구,신수동,마포구 신수동,마포구 신수동
서울특별시 마포구 신수동,1144063000,신정동,1144011700,22945,9762,2.35,4495.0,서울특별시,마포구,신수동,마포구 신수동,마포구 신수동
서울특별시 마포구 서강동,1144065500,창전동,1144011400,25204,11241,2.24,6488.19,서울특별시,마포구,서강동,마포구 서강동,마포구 서강동
서울특별시 마포구 서강동,1144065500,상수동,1144011500,25204,11241,2.24,7339.56,서울특별시,마포구,서강동,마포구 서강동,마포구 서강동
서울특별시 마포구 서강동,1144065500,하중동,1144011600,25204,11241,2.24,4433.5,서울특별시,마포구,서강동,마포구 서강동,마포구 서강동
서울특별시 마포구 서강동,1144065500,신정동,1144011700,25204,11241,2.24,4495.0,서울특별시,마포구,서강동,마포구 서강동,마포구 서강동
서울특별시 마포구 서강동,1144065500,당인동,1144011800,25204,11241,2.24,5407.74,서울특별시,마포구,서강동,마포구 서강동,마포구 서강동
서울특별시 마포구 서교동,1144066000,노고산동,1144011000,26038,15031,1.73,4758.39,서울특별시,마포구,서교동,마포구 서교동,마포구 서교동
서울특별시 마포구 서교동,1144066000,서교동,1144012000,26038,15031,1.73,9187.73,서울특별시,마포구,서교동,마포구 서교동,마포구 서교동
서울특별시 마포구 서교동,1144066000,동교동,1144012100,26038,15031,1.73,8528.41,서울특별시,마포구,서교동,마포구 서교동,마포구 서교동
서울특별시 마포구 합정동,1144068000,합정동,1144012200,17169,8494,2.02,7448.79,서울특별시,마포구,합정동,마포구 합정동,마포구 합정동
서울특별시 마포구 망원1동,1144069000,망원동,1144012300,20110,9498,2.12,5566.86,서울특별시,마포구,망원1동,마포구 망원1동,마포구 망원동
서울특별시 마포구 망원2동,1144070000,망원동,1144012300,18460,7781,2.37,5566.86,서울특별시,마포구,망원2동,마포구 망원2동,마포구 망원동
서울특별시 마포구 연남동,1144071000,연남동,1144012400,16047,8440,1.9,7419.95,서울특별시,마포구,연남동,마포구 연남동,마포구 연남동
서울특별시 마포구 성산1동,1144072000,성산동,1144012500,19004,8801,2.16,5903.98,서울특별시,마포구,성산1동,마포구 성산1동,마포구 성산동
서울특별시 마포구 성산2동,1144073000,성산동,1144012500,39298,17607,2.23,5903.98,서울특별시,마포구,성산2동,마포구 성산2동,마포구 성산동
서울특별시 마포구 성산2동,1144073000,중동,1144012600,39298,17607,2.23,5329.86,서울특별시,마포구,성산2동,마포구 성산2동,마포구 성산동
서울특별시 마포구 상암동,1144074000,상암동,1144012700,30694,12245,2.51,5763.97,서울특별시,마포구,상암동,마포구 상암동,마포구 상암동
서울특별시 양천구 목1동,1147051000,목동,1147010200,30200,10031,3.01,5443.69,서울특별시,양천구,목1동,양천구 목1동,양천구 목동
서울특별시 양천구 목2동,1147052000,목동,1147010200,29322,12249,2.39,5443.69,서울특별시,양천구,목2동,양천구 목2동,양천구 목동
서울특별시 양천구 목3동,1147053000,목동,1147010200,21432,9277,2.31,5443.69,서울특별시,양천구,목3동,양천구 목3동,양천구 목동
서울특별시 양천구 목4동,1147054000,목동,1147010200,25124,9432,2.66,5443.69,서울특별시,양천구,목4동,양천구 목4동,양천구 목동
서울특별시 양천구 목5동,1147055000,목동,1147010200,40066,12925,3.1,5443.69,서울특별시,양천구,목5동,양천구 목5동,양천구 목동
서울특별시 양천구 신월1동,1147056000,신월동,1147010300,20483,9197,2.23,3644.81,서울특별시,양천구,신월1동,양천구 신월1동,양천구 신월동
서울특별시 양천구 신월2동,1147057000,신월동,1147010300,20638,7940,2.6,3644.81,서울특별시,양천구,신월2동,양천구 신월2동,양천구 신월동
서울특별시 양천구 신월3동,1147058000,신월동,1147010300,15416,7208,2.14,3644.81,서울특별시,양천구,신월3동,양천구 신월3동,양천구 신월동
서울특별시 양천구 신월4동,1147059000,신월동,1147010300,17842,6503,2.74,3644.81,서울특별시,양천구,신월4동,양천구 신월4동,양천구 신월동
서울특별시 양천구 신월5동,1147060000,신월동,1147010300,14602,5901,2.47,3644.81,서울특별시,양천구,신월5동,양천구 신월5동,양천구 신월동
서울특별시 양천구 신월6동,1147061000,신월동,1147010300,13138,4857,2.7,3644.81,서울특별시,양천구,신월6동,양천구 신월6동,양천구 신월동
서울특별시 양천구 신월7동,1147061100,신월동,1147010300,20074,8363,2.4,3644.81,서울특별시,양천구,신월7동,양천구 신월7동,양천구 신월동
서울특별시 양천구 신정1동,1147062000,신정동,1147010100,20098,6738,2.98,4828.51,서울특별시,양천구,신정1동,양천구 신정1동,양천구 신정동
서울특별시 양천구 신정2동,1147063000,신정동,1147010100,19386,6742,2.88,4828.51,서울특별시,양천구,신정2동,양천구 신정2동,양천구 신정동
서울특별시 양천구 신정3동,1147064000,신정동,1147010100,45278,16989,2.67,4828.51,서울특별시,양천구,신정3동,양천구 신정3동,양천구 신정동
서울특별시 양천구 신정4동,1147065000,신정동,1147010100,33400,15059,2.22,4828.51,서울특별시,양천구,신정4동,양천구 신정4동,양천구 신정동
서울특별시 양천구 신정6동,1147067000,신정동,1147010100,23789,7809,3.05,4828.51,서울특별시,양천구,신정6동,양천구 신정6동,양천구 신정동
서울특별시 양천구 신정7동,1147068000,신정동,1147010100,28780,10964,2.62,4828.51,서울특별시,양천구,신정7동,양천구 신정7동,양천구 신정동
서울특별시 강서구 염창동,1150051000,염창동,1150010100,40237,14738,2.73,5252.97,서울특별시,강서구,염창동,강서구 염창동,강서구 염창동
서울특별시 강서구 염창동,1150051000,가양동,1150010400,40237,14738,2.73,5241.12,서울특별시,강서구,염창동,강서구 염창동,강서구 염창동
서울특별시 강서구 등촌1동,1150052000,등촌동,1150010200,23182,12072,1.92,5654.74,서울특별시,강서구,등촌1동,강서구 등촌1동,강서구 등촌동
서울특별시 강서구 등촌2동,1150053000,등촌동,1150010200,20469,8175,2.5,5654.74,서울특별시,강서구,등촌2동,강서구 등촌2동,강서구 등촌동
서울특별시 강서구 등촌3동,1150053500,등촌동,1150010200,30611,14231,2.15,5654.74,서울특별시,강서구,등촌3동,강서구 등촌3동,강서구 등촌동
서울특별시 강서구 화곡1동,1150054000,화곡동,1150010300,51842,25039,2.07,4585.7,서울특별시,강서구,화곡1동,강서구 화곡1동,강서구 화곡동
서울특별시 강서구 화곡2동,1150055000,화곡동,1150010300,18213,7734,2.35,4585.7,서울특별시,강서구,화곡2동,강서구 화곡2동,강서구 화곡동
서울특별시 강서구 화곡3동,1150056000,화곡동,1150010300,21100,8494,2.48,4585.7,서울특별시,강서구,화곡3동,강서구 화곡3동,강서구 화곡동
서울특별시 강서구 화곡4동,1150057000,화곡동,1150010300,20909,9112,2.29,4585.7,서울특별시,강서구,화곡4동,강서구 화곡4동,강서구 화곡동
서울특별시 강서구 화곡본동,1150059000,화곡동,1150010300,33860,15269,2.22,4585.7,서울특별시,강서구,화곡본동,강서구 화곡본동,강서구 화곡본동
서울특별시 강서구 화곡6동,1150059100,화곡동,1150010300,24019,10918,2.2,4585.7,서울특별시,강서구,화곡6동,강서구 화곡6동,강서구 화곡동
서울특별시 강서구 화곡8동,1150059300,화곡동,1150010300,24971,10896,2.29,4585.7,서울특별시,강서구,화곡8동,강서구 화곡8동,강서구 화곡동
서울특별시 강서구 가양1동,1150060300,가양동,1150010400,33187,18753,1.77,5241.12,서울특별시,강서구,가양1동,강서구 가양1동,강서구 가양동
서울특별시 강서구 가양1동,1150060300,마곡동,1150010500,33187,18753,1.77,6154.05,서울특별시,강서구,가양1동,강서구 가양1동,강서구 가양동
서울특별시 강서구 가양2동,1150060400,가양동,1150010400,14241,7576,1.88,5241.12,서울특별시,강서구,가양2동,강서구 가양2동,강서구 가양동
서울특별시 강서구 가양3동,1150060500,가양동,1150010400,15023,7485,2.01,5241.12,서울특별시,강서구,가양3동,강서구 가양3동,강서구 가양동
서울특별시 강서구 발산1동,1150061100,마곡동,1150010500,36552,12779,2.86,6154.05,서울특별시,강서구,발산1동,강서구 발산1동,강서구 발산동
서울특별시 강서구 발산1동,1150061100,내발산동,1150010600,36552,12779,2.86,5415.03,서울특별시,강서구,발산1동,강서구 발산1동,강서구 발산동
서울특별시 강서구 발산1동,1150061100,외발산동,1150010700,36552,12779,2.86,6349.0,서울특별시,강서구,발산1동,강서구 발산1동,강서구 발산동
서울특별시 강서구 우장산동,1150061500,화곡동,1150010300,42184,15050,2.8,4585.7,서울특별시,강서구,우장산동,강서구 우장산동,강서구 우장산동
서울특별시 강서구 우장산동,1150061500,내발산동,1150010600,42184,15050,2.8,5415.03,서울특별시,강서구,우장산동,강서구 우장산동,강서구 우장산동
서울특별시 강서구 공항동,1150062000,마곡동,1150010500,26330,11764,2.24,6154.05,서울특별시,강서구,공항동,강서구 공항동,강서구 공항동
서울특별시 강서구 공항동,1150062000,공항동,1150010800,26330,11764,2.24,4831.22,서울특별시,강서구,공항동,강서구 공항동,강서구 공항동
서울특별시 강서구 공항동,1150062000,방화동,1150010900,26330,11764,2.24,4573.18,서울특별시,강서구,공항동,강서구 공항동,강서구 공항동
서울특별시 강서구 공항동,1150062000,과해동,1150011100,26330,11764,2.24,3571.0,서울특별시,강서구,공항동,강서구 공항동,강서구 공항동
서울특별시 강서구 공항동,1150062000,오곡동,1150011200,26330,11764,2.24,3535.83,서울특별시,강서구,공항동,강서구 공항동,강서구 공항동
서울특별시 강서구 공항동,1150062000,오쇠동,1150011300,26330,11764,2.24,3437.58,서울특별시,강서구,공항동,강서구 공항동,강서구 공항동
서울특별시 강서구 방화1동,1150063000,마곡동,1150010500,43150,16332,2.64,6154.05,서울특별시,강서구,방화1동,강서구 방화1동,강서구 방화동
서울특별시 강서구 방화1동,1150063000,공항동,1150010800,43150,16332,2.64,4831.22,서울특별시,강서구,방화1동,강서구 방화1동,강서구 방화동
서울특별시 강서구 방화1동,1150063000,방화동,1150010900,43150,16332,2.64,4573.18,서울특별시,강서구,방화1동,강서구 방화1동,강서구 방화동
서울특별시 강서구 방화2동,1150064000,방화동,1150010900,22226,10371,2.14,4573.18,서울특별시,강서구,방화2동,강서구 방화2동,강서구 방화동
서울특별시 강서구 방화2동,1150064000,개화동,1150011000,22226,10371,2.14,5674.15,서울특별시,강서구,방화2동,강서구 방화2동,강서구 방화동
서울특별시 강서구 방화3동,1150064100,방화동,1150010900,22548,10414,2.17,4573.18,서울특별시,강서구,방화3동,강서구 방화3동,강서구 방화동
서울특별시 구로구 신도림동,1153051000,신도림동,1153010100,35334,12887,2.74,4030.19,서울특별시,구로구,신도림동,구로구 신도림동,구로구 신도림동
서울특별시 구로구 구로1동,1153052000,구로동,1153010200,20861,7964,2.62,3716.19,서울특별시,구로구,구로1동,구로구 구로1동,구로구 구로동
서울특별시 구로구 구로2동,1153053000,구로동,1153010200,37054,17107,2.17,3716.19,서울특별시,구로구,구로2동,구로구 구로2동,구로구 구로동
서울특별시 구로구 구로3동,1153054000,구로동,1153010200,25963,13316,1.95,3716.19,서울특별시,구로구,구로3동,구로구 구로3동,구로구 구로동
서울특별시 구로구 구로4동,1153055000,구로동,1153010200,26789,12316,2.18,3716.19,서울특별시,구로구,구로4동,구로구 구로4동,구로구 구로동
서울특별시 구로구 구로5동,1153056000,구로동,1153010200,33303,15338,2.17,3716.19,서울특별시,구로구,구로5동,구로구 구로5동,구로구 구로동
서울특별시 구로구 가리봉동,1153059500,가리봉동,1153010300,16530,8177,2.02,4498.31,서울특별시,구로구,가리봉동,구로구 가리봉동,구로구 가리봉동
서울특별시 구로구 고척1동,1153072000,고척동,1153010600,23430,9039,2.59,4061.91,서울특별시,구로구,고척1동,구로구 고척1동,구로구 고척동
서울특별시 구로구 고척2동,1153073000,고척동,1153010600,27513,11117,2.47,4061.91,서울특별시,구로구,고척2동,구로구 고척2동,구로구 고척동
서울특별시 구로구 개봉1동,1153074000,개봉동,1153010700,34712,14033,2.47,4331.64,서울특별시,구로구,개봉1동,구로구 개봉1동,구로구 개봉동
서울특별시 구로구 개봉2동,1153075000,개봉동,1153010700,31422,11975,2.62,4331.64,서울특별시,구로구,개봉2동,구로구 개봉2동,구로구 개봉동
서울특별시 구로구 개봉3동,1153076000,개봉동,1153010700,20876,8312,2.51,4331.64,서울특별시,구로구,개봉3동,구로구 개봉3동,구로구 개봉동
서울특별시 구로구 오류1동,1153077000,오류동,1153010800,22948,10988,2.09,3740.72,서울특별시,구로구,오류1동,구로구 오류1동,구로구 오류동
서울특별시 구로구 오류2동,1153078000,오류동,1153010800,38657,14775,2.62,3740.72,서울특별시,구로구,오류2동,구로구 오류2동,구로구 오류동
서울특별시 구로구 오류2동,1153078000,천왕동,1153011100,38657,14775,2.62,3643.73,서울특별시,구로구,오류2동,구로구 오류2동,구로구 오류동
서울특별시 구로구 항동,1153080000,항동,1153011200,16217,6016,2.7,4215.71,서울특별시,구로구,항동,구로구 항동,구로구 항동
서울특별시 구로구 수궁동,1153079000,궁동,1153010900,23833,9276,2.57,4001.42,서울특별시,구로구,수궁동,구로구 수궁동,구로구 수궁동
서울특별시 구로구 수궁동,1153079000,온수동,1153011000,23833,9276,2.57,4352.69,서울특별시,구로구,수궁동,구로구 수궁동,구로구 수궁동
서울특별시 금천구 가산동,1154551000,가산동,1154510100,26621,16417,1.62,4121.77,서울특별시,금천구,가산동,금천구 가산동,금천구 가산동
서울특별시 금천구 독산1동,1154561000,독산동,1154510200,44145,21167,2.09,4384.74,서울특별시,금천구,독산1동,금천구 독산1동,금천구 독산동
서울특별시 금천구 독산2동,1154562000,독산동,1154510200,21096,9625,2.19,4384.74,서울특별시,금천구,독산2동,금천구 독산2동,금천구 독산동
서울특별시 금천구 독산3동,1154563000,독산동,1154510200,30129,13953,2.16,4384.74,서울특별시,금천구,독산3동,금천구 독산3동,금천구 독산동
서울특별시 금천구 독산4동,1154564000,독산동,1154510200,18158,8216,2.21,4384.74,서울특별시,금천구,독산4동,금천구 독산4동,금천구 독산동
서울특별시 금천구 시흥1동,1154567000,시흥동,1154510300,36091,15936,2.26,4085.31,서울특별시,금천구,시흥1동,금천구 시흥1동,금천구 시흥동
서울특별시 금천구 시흥2동,1154568000,시흥동,1154510300,21197,7870,2.69,4085.31,서울특별시,금천구,시흥2동,금천구 시흥2동,금천구 시흥동
서울특별시 금천구 시흥3동,1154569000,시흥동,1154510300,11067,4456,2.48,4085.31,서울특별시,금천구,시흥3동,금천구 시흥3동,금천구 시흥동
서울특별시 금천구 시흥4동,1154570000,시흥동,1154510300,21129,8808,2.4,4085.31,서울특별시,금천구,시흥4동,금천구 시흥4동,금천구 시흥동
서울특별시 금천구 시흥5동,1154571000,시흥동,1154510300,19786,8806,2.25,4085.31,서울특별시,금천구,시흥5동,금천구 시흥5동,금천구 시흥동
서울특별시 영등포구 영등포본동,1156051500,영등포동,1156010100,24409,10386,2.35,4341.53,서울특별시,영등포구,영등포본동,영등포구 영등포본동,영등포구 영등포본동
서울특별시 영등포구 영등포본동,1156051500,신길동,1156013200,24409,10386,2.35,4604.09,서울특별시,영등포구,영등포본동,영등포구 영등포본동,영등포구 영등포본동
서울특별시 영등포구 영등포동,1156053500,영등포동,1156010100,27378,15982,1.71,4341.53,서울특별시,영등포구,영등포동,영등포구 영등포동,영등포구 영등포동
서울특별시 영등포구 영등포동,1156053500,영등포동1가,1156010200,27378,15982,1.71,3257.0,서울특별시,영등포구,영등포동,영등포구 영등포동,영등포구 영등포동
서울특별시 영등포구 영등포동,1156053500,영등포동2가,1156010300,27378,15982,1.71,3220.6,서울특별시,영등포구,영등포동,영등포구 영등포동,영등포구 영등포동
서울특별시 영등포구 영등포동,1156053500,영등포동3가,1156010400,27378,15982,1.71,4960.7,서울특별시,영등포구,영등포동,영등포구 영등포동,영등포구 영등포동
서울특별시 영등포구 영등포동,1156053500,영등포동4가,1156010500,27378,15982,1.71,4794.27,서울특별시,영등포구,영등포동,영등포구 영등포동,영등포구 영등포동
서울특별시 영등포구 영등포동,1156053500,영등포동5가,1156010600,27378,15982,1.71,3783.24,서울특별시,영등포구,영등포동,영등포구 영등포동,영등포구 영등포동
서울특별시 영등포구 영등포동,1156053500,영등포동6가,1156010700,27378,15982,1.71,3787.04,서울특별시,영등포구,영등포동,영등포구 영등포동,영등포구 영등포동
서울특별시 영등포구 영등포동,1156053500,영등포동7가,1156010800,27378,15982,1.71,4240.42,서울특별시,영등포구,영등포동,영등포구 영등포동,영등포구 영등포동
서울특별시 영등포구 영등포동,1156053500,영등포동8가,1156010900,27378,15982,1.71,3350.82,서울특별시,영등포구,영등포동,영등포구 영등포동,영등포구 영등포동
서울특별시 영등포구 여의동,1156054000,여의도동,1156011000,31395,12095,2.6,7904.0,서울특별시,영등포구,여의동,영등포구 여의동,영등포구 여의동
서울특별시 영등포구 당산1동,1156055000,당산동1가,1156011100,20442,9822,2.08,4172.75,서울특별시,영등포구,당산1동,영등포구 당산1동,영등포구 당산동
서울특별시 영등포구 당산1동,1156055000,당산동2가,1156011200,20442,9822,2.08,3830.77,서울특별시,영등포구,당산1동,영등포구 당산1동,영등포구 당산동
서울특별시 영등포구 당산1동,1156055000,당산동3가,1156011300,20442,9822,2.08,4174.92,서울특별시,영등포구,당산1동,영등포구 당산1동,영등포구 당산동
서울특별시 영등포구 당산2동,1156056000,당산동4가,1156011400,35966,17042,2.11,4818.7,서울특별시,영등포구,당산2동,영등포구 당산2동,영등포구 당산동
서울특별시 영등포구 당산2동,1156056000,당산동5가,1156011500,35966,17042,2.11,4097.98,서울특별시,영등포구,당산2동,영등포구 당산2동,영등포구 당산동
서울특별시 영등포구 당산2동,1156056000,당산동6가,1156011600,35966,17042,2.11,5002.99,서울특별시,영등포구,당산2동,영등포구 당산2동,영등포구 당산동
서울특별시 영등포구 당산2동,1156056000,당산동,1156011700,35966,17042,2.11,5047.66,서울특별시,영등포구,당산2동,영등포구 당산2동,영등포구 당산동
서울특별시 영등포구 도림동,1156058500,도림동,1156011800,21633,9874,2.19,4054.46,서울특별시,영등포구,도림동,영등포구 도림동,영등포구 도림동
서울특별시 영등포구 문래동,1156060500,문래동1가,1156011900,32133,12273,2.62,3328.22,서울특별시,영등포구,문래동,영등포구 문래동,영등포구 문래동
서울특별시 영등포구 문래동,1156060500,문래동2가,1156012000,32133,12273,2.62,3628.18,서울특별시,영등포구,문래동,영등포구 문래동,영등포구 문래동
서울특별시 영등포구 문래동,1156060500,문래동3가,1156012100,32133,12273,2.62,3587.13,서울특별시,영등포구,문래동,영등포구 문래동,영등포구 문래동
서울특별시 영등포구 문래동,1156060500,문래동4가,1156012200,32133,12273,2.62,3609.43,서울특별시,영등포구,문래동,영등포구 문래동,영등포구 문래동
서울특별시 영등포구 문래동,1156060500,문래동5가,1156012300,32133,12273,2.62,3679.1,서울특별시,영등포구,문래동,영등포구 문래동,영등포구 문래동
서울특별시 영등포구 문래동,1156060500,문래동6가,1156012400,32133,12273,2.62,3589.0,서울특별시,영등포구,문래동,영등포구 문래동,영등포구 문래동
서울특별시 영등포구 양평1동,1156061000,양평동1가,1156012500,16873,8419,2.0,3074.37,서울특별시,영등포구,양평1동,영등포구 양평1동,영등포구 양평동
서울특별시 영등포구 양평1동,1156061000,양평동2가,1156012600,16873,8419,2.0,3584.73,서울특별시,영등포구,양평1동,영등포구 양평1동,영등포구 양평동
서울특별시 영등포구 양평1동,1156061000,양평동3가,1156012700,16873,8419,2.0,3834.54,서울특별시,영등포구,양평1동,영등포구 양평1동,영등포구 양평동
서울특별시 영등포구 양평2동,1156062000,양평동3가,1156012700,21977,9572,2.3,3834.54,서울특별시,영등포구,양평2동,영등포구 양평2동,영등포구 양평동
서울특별시 영등포구 양평2동,1156062000,양평동4가,1156012800,21977,9572,2.3,4691.48,서울특별시,영등포구,양평2동,영등포구 양평2동,영등포구 양평동
서울특별시 영등포구 양평2동,1156062000,양평동5가,1156012900,21977,9572,2.3,4513.96,서울특별시,영등포구,양평2동,영등포구 양평2동,영등포구 양평동
서울특별시 영등포구 양평2동,1156062000,양평동6가,1156013000,21977,9572,2.3,4792.59,서울특별시,영등포구,양평2동,영등포구 양평2동,영등포구 양평동
서울특별시 영등포구 신길1동,1156063000,신길동,1156013200,19495,10085,1.93,4604.09,서울특별시,영등포구,신길1동,영등포구 신길1동,영등포구 신길동
서울특별시 영등포구 신길3동,1156065000,신길동,1156013200,18052,7575,2.38,4604.09,서울특별시,영등포구,신길3동,영등포구 신길3동,영등포구 신길동
서울특별시 영등포구 신길4동,1156066000,신길동,1156013200,11065,4734,2.34,4604.09,서울특별시,영등포구,신길4동,영등포구 신길4동,영등포구 신길동
서울특별시 영등포구 신길5동,1156067000,신길동,1156013200,12614,5097,2.47,4604.09,서울특별시,영등포구,신길5동,영등포구 신길5동,영등포구 신길동
서울특별시 영등포구 신길5동,1156067000,대림동,1156013300,12614,5097,2.47,4690.84,서울특별시,영등포구,신길5동,영등포구 신길5동,영등포구 신길동
서울특별시 영등포구 신길6동,1156068000,신길동,1156013200,18468,8332,2.22,4604.09,서울특별시,영등포구,신길6동,영등포구 신길6동,영등포구 신길동
서울특별시 영등포구 신길7동,1156069000,신길동,1156013200,19975,7355,2.72,4604.09,서울특별시,영등포구,신길7동,영등포구 신길7동,영등포구 신길동
서울특별시 영등포구 대림1동,1156070000,대림동,1156013300,18854,8000,2.36,4690.84,서울특별시,영등포구,대림1동,영등포구 대림1동,영등포구 대림동
서울특별시 영등포구 대림2동,1156071000,대림동,1156013300,23707,9625,2.46,4690.84,서울특별시,영등포구,대림2동,영등포구 대림2동,영등포구 대림동
서울특별시 영등포구 대림3동,1156072000,대림동,1156013300,29183,11949,2.44,4690.84,서울특별시,영등포구,대림3동,영등포구 대림3동,영등포구 대림동
서울특별시 동작구 노량진1동,1159051000,노량진동,1159010100,31292,14288,2.19,6067.18,서울특별시,동작구,노량진1동,동작구 노량진1동,동작구 노량진동
서울특별시 동작구 노량진1동,1159051000,본동,1159010400,31292,14288,2.19,4445.42,서울특별시,동작구,노량진1동,동작구 노량진1동,동작구 노량진동
서울특별시 동작구 노량진2동,1159052000,노량진동,1159010100,12898,6711,1.92,6067.18,서울특별시,동작구,노량진2동,동작구 노량진2동,동작구 노량진동
서울특별시 동작구 상도1동,1159053000,상도동,1159010200,46060,21051,2.19,5000.16,서울특별시,동작구,상도1동,동작구 상도1동,동작구 상도동
서울특별시 동작구 상도1동,1159053000,상도1동,1159010300,46060,21051,2.19,5626.84,서울특별시,동작구,상도1동,동작구 상도1동,동작구 상도동
서울특별시 동작구 상도2동,1159054000,상도동,1159010200,27215,11743,2.32,5000.16,서울특별시,동작구,상도2동,동작구 상도2동,동작구 상도동
서울특별시 동작구 상도3동,1159055000,상도동,1159010200,24734,11156,2.22,5000.16,서울특별시,동작구,상도3동,동작구 상도3동,동작구 상도동
서울특별시 동작구 상도4동,1159056000,상도동,1159010200,28531,12760,2.24,5000.16,서울특별시,동작구,상도4동,동작구 상도4동,동작구 상도동
서울특별시 동작구 흑석동,1159060500,흑석동,1159010500,34643,14450,2.4,5409.45,서울특별시,동작구,흑석동,동작구 흑석동,동작구 흑석동
서울특별시 동작구 사당1동,1159062000,사당동,1159010700,23311,12573,1.85,5417.95,서울특별시,동작구,사당1동,동작구 사당1동,동작구 사당동
서울특별시 동작구 사당2동,1159063000,동작동,1159010600,26268,11011,2.39,5359.81,서울특별시,동작구,사당2동,동작구 사당2동,동작구 사당동
서울특별시 동작구 사당2동,1159063000,사당동,1159010700,26268,11011,2.39,5417.95,서울특별시,동작구,사당2동,동작구 사당2동,동작구 사당동
서울특별시 동작구 사당3동,1159064000,사당동,1159010700,24202,9691,2.5,5417.95,서울특별시,동작구,사당3동,동작구 사당3동,동작구 사당동
서울특별시 동작구 사당4동,1159065000,사당동,1159010700,14175,6640,2.13,5417.95,서울특별시,동작구,사당4동,동작구 사당4동,동작구 사당동
서울특별시 동작구 사당5동,1159065100,사당동,1159010700,14294,6180,2.31,5417.95,서울특별시,동작구,사당5동,동작구 사당5동,동작구 사당동
서울특별시 동작구 대방동,1159066000,대방동,1159010800,38644,16353,2.36,5745.48,서울특별시,동작구,대방동,동작구 대방동,동작구 대방동
서울특별시 동작구 신대방1동,1159067000,신대방동,1159010900,26603,10933,2.43,5184.02,서울특별시,동작구,신대방1동,동작구 신대방1동,동작구 신대방동
서울특별시 동작구 신대방2동,1159068000,신대방동,1159010900,19902,9032,2.2,5184.02,서울특별시,동작구,신대방2동,동작구 신대방2동,동작구 신대방동
서울특별시 관악구 보라매동,1162052500,봉천동,1162010100,24550,11887,2.07,4913.29,서울특별시,관악구,보라매동,관악구 보라매동,관악구 보라매동
서울특별시 관악구 청림동,1162054500,봉천동,1162010100,15090,5991,2.52,4913.29,서울특별시,관악구,청림동,관악구 청림동,관악구 청림동
서울특별시 관악구 성현동,1162056500,봉천동,1162010100,29228,11633,2.51,4913.29,서울특별시,관악구,성현동,관악구 성현동,관악구 성현동
서울특별시 관악구 행운동,1162057500,봉천동,1162010100,29334,16772,1.75,4913.29,서울특별시,관악구,행운동,관악구 행운동,관악구 행운동
서울특별시 관악구 낙성대동,1162058500,봉천동,1162010100,21560,10219,2.11,4913.29,서울특별시,관악구,낙성대동,관악구 낙성대동,관악구 낙성대동
서울특별시 관악구 청룡동,1162059500,봉천동,1162010100,35927,21728,1.65,4913.29,서울특별시,관악구,청룡동,관악구 청룡동,관악구 청룡동
서울특별시 관악구 은천동,1162060500,봉천동,1162010100,33810,15191,2.23,4913.29,서울특별시,관악구,은천동,관악구 은천동,관악구 은천동
서울특별시 관악구 중앙동,1162061500,봉천동,1162010100,15426,9235,1.67,4913.29,서울특별시,관악구,중앙동,관악구 중앙동,관악구 중앙동
서울특별시 관악구 인헌동,1162062500,봉천동,1162010100,25803,13438,1.92,4913.29,서울특별시,관악구,인헌동,관악구 인헌동,관악구 인헌동
서울특별시 관악구 남현동,1162063000,남현동,1162010300,17855,8737,2.04,6846.29,서울특별시,관악구,남현동,관악구 남현동,관악구 남현동
서울특별시 관악구 서원동,1162064500,신림동,1162010200,22994,13441,1.71,5017.06,서울특별시,관악구,서원동,관악구 서원동,관악구 서원동
서울특별시 관악구 신원동,1162065500,신림동,1162010200,19223,10799,1.78,5017.06,서울특별시,관악구,신원동,관악구 신원동,관악구 신원동
서울특별시 관악구 서림동,1162066500,신림동,1162010200,23429,13420,1.75,5017.06,서울특별시,관악구,서림동,관악구 서림동,관악구 서림동
서울특별시 관악구 신사동,1162068500,신림동,1162010200,26454,14549,1.82,5017.06,서울특별시,관악구,신사동,관악구 신사동,관악구 신사동
서울특별시 관악구 신림동,1162069500,신림동,1162010200,22325,16171,1.38,5017.06,서울특별시,관악구,신림동,관악구 신림동,관악구 신림동
서울특별시 관악구 난향동,1162071500,신림동,1162010200,15208,5806,2.62,5017.06,서울특별시,관악구,난향동,관악구 난향동,관악구 난향동
서울특별시 관악구 조원동,1162072500,신림동,1162010200,19553,10867,1.8,5017.06,서울특별시,관악구,조원동,관악구 조원동,관악구 조원동
서울특별시 관악구 대학동,1162073500,신림동,1162010200,23656,14729,1.61,5017.06,서울특별시,관악구,대학동,관악구 대학동,관악구 대학동
서울특별시 관악구 삼성동,1162074500,신림동,1162010200,23003,9908,2.32,5017.06,서울특별시,관악구,삼성동,관악구 삼성동,관악구 삼성동
서울특별시 관악구 미성동,1162076500,신림동,1162010200,30902,13208,2.34,5017.06,서울특별시,관악구,미성동,관악구 미성동,관악구 미성동
서울특별시 관악구 난곡동,1162077500,신림동,1162010200,27311,12093,2.26,5017.06,서울특별시,관악구,난곡동,관악구 난곡동,관악구 난곡동
서울특별시 서초구 서초1동,1165051000,서초동,1165010800,19994,8666,2.31,11087.97,서울특별시,서초구,서초1동,서초구 서초1동,서초구 서초동
서울특별시 서초구 서초2동,1165052000,서초동,1165010800,19164,8559,2.24,11087.97,서울특별시,서초구,서초2동,서초구 서초2동,서초구 서초동
서울특별시 서초구 서초3동,1165053000,방배동,1165010100,30186,13207,2.29,10292.98,서울특별시,서초구,서초3동,서초구 서초3동,서초구 서초동
서울특별시 서초구 서초3동,1165053000,서초동,1165010800,30186,13207,2.29,11087.97,서울특별시,서초구,서초3동,서초구 서초3동,서초구 서초동
서울특별시 서초구 서초4동,1165053100,서초동,1165010800,29570,10170,2.91,11087.97,서울특별시,서초구,서초4동,서초구 서초4동,서초구 서초동
서울특별시 서초구 잠원동,1165054000,잠원동,1165010600,26985,10511,2.57,9797.19,서울특별시,서초구,잠원동,서초구 잠원동,서초구 잠원동
서울특별시 서초구 반포본동,1165055000,반포동,1165010700,10870,3617,3.01,11426.04,서울특별시,서초구,반포본동,서초구 반포본동,서초구 반포본동
서울특별시 서초구 반포1동,1165056000,반포동,1165010700,30904,13265,2.33,11426.04,서울특별시,서초구,반포1동,서초구 반포1동,서초구 반포동
서울특별시 서초구 반포2동,1165057000,반포동,1165010700,15274,4649,3.29,11426.04,서울특별시,서초구,반포2동,서초구 반포2동,서초구 반포동
서울특별시 서초구 반포3동,1165058000,잠원동,1165010600,20730,7072,2.93,9797.19,서울특별시,서초구,반포3동,서초구 반포3동,서초구 반포동
서울특별시 서초구 반포4동,1165058100,반포동,1165010700,18635,6608,2.82,11426.04,서울특별시,서초구,반포4동,서초구 반포4동,서초구 반포동
서울특별시 서초구 방배본동,1165059000,방배동,1165010100,19939,7400,2.69,10292.98,서울특별시,서초구,방배본동,서초구 방배본동,서초구 방배본동
서울특별시 서초구 방배1동,1165060000,방배동,1165010100,16355,7058,2.32,10292.98,서울특별시,서초구,방배1동,서초구 방배1동,서초구 방배동
서울특별시 서초구 방배2동,1165061000,방배동,1165010100,19174,7790,2.46,10292.98,서울특별시,서초구,방배2동,서초구 방배2동,서초구 방배동
서울특별시 서초구 방배3동,1165062000,방배동,1165010100,20002,7490,2.67,10292.98,서울특별시,서초구,방배3동,서초구 방배3동,서초구 방배동
서울특별시 서초구 방배4동,1165062100,방배동,1165010100,22676,9044,2.51,10292.98,서울특별시,서초구,방배4동,서초구 방배4동,서초구 방배동
서울특별시 서초구 양재1동,1165065100,양재동,1165010200,42688,16941,2.52,8871.26,서울특별시,서초구,양재1동,서초구 양재1동,서초구 양재동
서울특별시 서초구 양재1동,1165065100,우면동,1165010300,42688,16941,2.52,12384.41,서울특별시,서초구,양재1동,서초구 양재1동,서초구 양재동
서울특별시 서초구 양재2동,1165065200,양재동,1165010200,21529,9866,2.18,8871.26,서울특별시,서초구,양재2동,서초구 양재2동,서초구 양재동
서울특별시 서초구 양재2동,1165065200,원지동,1165010400,21529,9866,2.18,9106.1,서울특별시,서초구,양재2동,서초구 양재2동,서초구 양재동
서울특별시 서초구 내곡동,1165066000,내곡동,1165010900,17074,6669,2.56,9336.18,서울특별시,서초구,내곡동,서초구 내곡동,서초구 내곡동
서울특별시 서초구 내곡동,1165066000,염곡동,1165011000,17074,6669,2.56,11148.21,서울특별시,서초구,내곡동,서초구 내곡동,서초구 내곡동
서울특별시 서초구 내곡동,1165066000,신원동,1165011100,17074,6669,2.56,10247.55,서울특별시,서초구,내곡동,서초구 내곡동,서초구 내곡동
서울특별시 강남구 신사동,1168051000,신사동,1168010700,15529,6621,2.35,12828.44,서울특별시,강남구,신사동,강남구 신사동,강남구 신사동
서울특별시 강남구 신사동,1168051000,압구정동,1168011000,15529,6621,2.35,16701.43,서울특별시,강남구,신사동,강남구 신사동,강남구 신사동
서울특별시 강남구 논현1동,1168052100,논현동,1168010800,22095,12828,1.72,13078.13,서울특별시,강남구,논현1동,강남구 논현1동,강남구 논현동
서울특별시 강남구 논현2동,1168053100,논현동,1168010800,20669,10294,2.01,13078.13,서울특별시,강남구,논현2동,강남구 논현2동,강남구 논현동
서울특별시 강남구 압구정동,1168054500,신사동,1168010700,24976,9343,2.67,12828.44,서울특별시,강남구,압구정동,강남구 압구정동,강남구 압구정동
서울특별시 강남구 압구정동,1168054500,압구정동,1168011000,24976,9343,2.67,16701.43,서울특별시,강남구,압구정동,강남구 압구정동,강남구 압구정동
서울특별시 강남구 청담동,1168056500,청담동,1168010400,25054,10434,2.4,14058.2,서울특별시,강남구,청담동,강남구 청담동,강남구 청담동
서울특별시 강남구 삼성1동,1168058000,삼성동,1168010500,12698,5130,2.48,14687.22,서울특별시,강남구,삼성1동,강남구 삼성1동,강남구 삼성동
서울특별시 강남구 삼성2동,1168059000,삼성동,1168010500,28212,12080,2.34,14687.22,서울특별시,강남구,삼성2동,강남구 삼성2동,강남구 삼성동
서울특별시 강남구 대치1동,1168060000,대치동,1168010600,23521,7005,3.36,13523.29,서울특별시,강남구,대치1동,강남구 대치1동,강남구 대치동
서울특별시 강남구 대치2동,1168061000,대치동,1168010600,35404,12092,2.93,13523.29,서울특별시,강남구,대치2동,강남구 대치2동,강남구 대치동
서울특별시 강남구 대치4동,1168063000,대치동,1168010600,19547,9479,2.06,13523.29,서울특별시,강남구,대치4동,강남구 대치4동,강남구 대치동
서울특별시 강남구 역삼1동,1168064000,역삼동,1168010100,34491,21127,1.63,14566.28,서울특별시,강남구,역삼1동,강남구 역삼1동,강남구 역삼동
서울특별시 강남구 역삼2동,1168065000,역삼동,1168010100,34617,14111,2.45,14566.28,서울특별시,강남구,역삼2동,강남구 역삼2동,강남구 역삼동
서울특별시 강남구 도곡1동,1168065500,도곡동,1168011800,20799,7894,2.63,10121.65,서울특별시,강남구,도곡1동,강남구 도곡1동,강남구 도곡동
서울특별시 강남구 도곡2동,1168065600,도곡동,1168011800,31740,10880,2.92,10121.65,서울특별시,강남구,도곡2동,강남구 도곡2동,강남구 도곡동
서울특별시 강남구 개포1동,1168066000,개포동,1168010300,6053,2334,2.59,8492.84,서울특별시,강남구,개포1동,강남구 개포1동,강남구 개포동
서울특별시 강남구 개포2동,1168067000,개포동,1168010300,21067,7463,2.82,8492.84,서울특별시,강남구,개포2동,강남구 개포2동,강남구 개포동
서울특별시 강남구 개포2동,1168067000,일원동,1168011400,21067,7463,2.82,10611.15,서울특별시,강남구,개포2동,강남구 개포2동,강남구 개포동
서울특별시 강남구 개포4동,1168069000,개포동,1168010300,19458,7890,2.47,8492.84,서울특별시,강남구,개포4동,강남구 개포4동,강남구 개포동
서울특별시 강남구 세곡동,1168070000,세곡동,1168011100,43088,16826,2.56,11208.3,서울특별시,강남구,세곡동,강남구 세곡동,강남구 세곡동
서울특별시 강남구 세곡동,1168070000,자곡동,1168011200,43088,16826,2.56,12467.42,서울특별시,강남구,세곡동,강남구 세곡동,강남구 세곡동
서울특별시 강남구 세곡동,1168070000,율현동,1168011300,43088,16826,2.56,9195.11,서울특별시,강남구,세곡동,강남구 세곡동,강남구 세곡동
서울특별시 강남구 일원본동,1168072000,일원동,1168011400,22639,7506,3.02,10611.15,서울특별시,강남구,일원본동,강남구 일원본동,강남구 일원본동
서울특별시 강남구 일원본동,1168072000,수서동,1168011500,22639,7506,3.02,13308.37,서울특별시,강남구,일원본동,강남구 일원본동,강남구 일원본동
서울특별시 강남구 일원1동,1168073000,일원동,1168011400,15052,6898,2.18,10611.15,서울특별시,강남구,일원1동,강남구 일원1동,강남구 일원동
서울특별시 강남구 일원1동,1168073000,수서동,1168011500,15052,6898,2.18,13308.37,서울특별시,강남구,일원1동,강남구 일원1동,강남구 일원동
서울특별시 강남구 일원2동,1168074000,개포동,1168010300,16809,6927,2.43,8492.84,서울특별시,강남구,일원2동,강남구 일원2동,강남구 일원동
서울특별시 강남구 일원2동,1168074000,대치동,1168010600,16809,6927,2.43,13523.29,서울특별시,강남구,일원2동,강남구 일원2동,강남구 일원동
서울특별시 강남구 일원2동,1168074000,일원동,1168011400,16809,6927,2.43,10611.15,서울특별시,강남구,일원2동,강남구 일원2동,강남구 일원동
서울특별시 강남구 수서동,1168075000,수서동,1168011500,14617,7420,1.97,13308.37,서울특별시,강남구,수서동,강남구 수서동,강남구 수서동
서울특별시 송파구 풍납1동,1171051000,풍납동,1171010300,14533,6357,2.29,5283.76,서울특별시,송파구,풍납1동,송파구 풍납1동,송파구 풍납동
서울특별시 송파구 풍납2동,1171052000,풍납동,1171010300,24780,9929,2.5,5283.76,서울특별시,송파구,풍납2동,송파구 풍납2동,송파구 풍납동
서울특별시 송파구 거여1동,1171053100,거여동,1171011300,12520,5075,2.47,5404.38,서울특별시,송파구,거여1동,송파구 거여1동,송파구 거여동
서울특별시 송파구 거여2동,1171053200,거여동,1171011300,16707,6846,2.44,5404.38,서울특별시,송파구,거여2동,송파구 거여2동,송파구 거여동
서울특별시 송파구 마천1동,1171054000,마천동,1171011400,19141,7996,2.39,4974.27,서울특별시,송파구,마천1동,송파구 마천1동,송파구 마천동
서울특별시 송파구 마천2동,1171055000,마천동,1171011400,19006,7877,2.41,4974.27,서울특별시,송파구,마천2동,송파구 마천2동,송파구 마천동
서울특별시 송파구 방이1동,1171056100,방이동,1171011100,15513,5816,2.67,8640.37,서울특별시,송파구,방이1동,송파구 방이1동,송파구 방이동
서울특별시 송파구 방이2동,1171056200,방이동,1171011100,25724,13425,1.92,8640.37,서울특별시,송파구,방이2동,송파구 방이2동,송파구 방이동
서울특별시 송파구 오륜동,1171056600,방이동,1171011100,18040,5509,3.27,8640.37,서울특별시,송파구,오륜동,송파구 오륜동,송파구 오륜동
서울특별시 송파구 오금동,1171057000,오금동,1171011200,38255,14452,2.65,6735.62,서울특별시,송파구,오금동,송파구 오금동,송파구 오금동
서울특별시 송파구 송파1동,1171058000,송파동,1171010400,24181,11525,2.1,8696.54,서울특별시,송파구,송파1동,송파구 송파1동,송파구 송파동
서울특별시 송파구 송파2동,1171059000,송파동,1171010400,19634,7071,2.78,8696.54,서울특별시,송파구,송파2동,송파구 송파2동,송파구 송파동
서울특별시 송파구 석촌동,1171060000,석촌동,1171010500,32265,15768,2.05,9495.45,서울특별시,송파구,석촌동,송파구 석촌동,송파구 석촌동
서울특별시 송파구 삼전동,1171061000,삼전동,1171010600,30630,14804,2.07,9961.98,서울특별시,송파구,삼전동,송파구 삼전동,송파구 삼전동
서울특별시 송파구 가락본동,1171062000,가락동,1171010700,26409,10824,2.44,7281.91,서울특별시,송파구,가락본동,송파구 가락본동,송파구 가락본동
서울특별시 송파구 가락1동,1171063100,가락동,1171010700,26796,9568,2.8,7281.91,서울특별시,송파구,가락1동,송파구 가락1동,송파구 가락동
서울특별시 송파구 가락2동,1171063200,가락동,1171010700,31680,11624,2.73,7281.91,서울특별시,송파구,가락2동,송파구 가락2동,송파구 가락동
서울특별시 송파구 문정1동,1171064100,문정동,1171010800,19910,7952,2.5,6878.3,서울특별시,송파구,문정1동,송파구 문정1동,송파구 문정동
서울특별시 송파구 문정2동,1171064200,문정동,1171010800,28006,14735,1.9,6878.3,서울특별시,송파구,문정2동,송파구 문정2동,송파구 문정동
서울특별시 송파구 문정2동,1171064200,장지동,1171010900,28006,14735,1.9,4886.9,서울특별시,송파구,문정2동,송파구 문정2동,송파구 문정동
서울특별시 송파구 장지동,1171064600,문정동,1171010800,29489,11500,2.56,6878.3,서울특별시,송파구,장지동,송파구 장지동,송파구 장지동
서울특별시 송파구 장지동,1171064600,장지동,1171010900,29489,11500,2.56,4886.9,서울특별시,송파구,장지동,송파구 장지동,송파구 장지동
서울특별시 송파구 위례동,1171064700,장지동,1171010900,28124,9067,3.1,4886.9,서울특별시,송파구,위례동,송파구 위례동,송파구 위례동
서울특별시 송파구 위례동,1171064700,거여동,1171011300,28124,9067,3.1,5404.38,서울특별시,송파구,위례동,송파구 위례동,송파구 위례동
서울특별시 송파구 잠실본동,1171065000,잠실동,1171010100,28310,14249,1.99,10345.83,서울특별시,송파구,잠실본동,송파구 잠실본동,송파구 잠실본동
서울특별시 송파구 잠실2동,1171067000,잠실동,1171010100,34351,11048,3.11,10345.83,서울특별시,송파구,잠실2동,송파구 잠실2동,송파구 잠실동
서울특별시 송파구 잠실3동,1171068000,잠실동,1171010100,33424,11282,2.96,10345.83,서울특별시,송파구,잠실3동,송파구 잠실3동,송파구 잠실동
서울특별시 송파구 잠실7동,1171072000,잠실동,1171010100,9120,3165,2.88,10345.83,서울특별시,송파구,잠실7동,송파구 잠실7동,송파구 잠실동
서울특별시 강동구 강일동,1174051500,상일동,1174010300,32044,11319,2.83,6160.86,서울특별시,강동구,강일동,강동구 강일동,강동구 강일동
서울특별시 강동구 강일동,1174051500,강일동,1174011000,32044,11319,2.83,4508.89,서울특별시,강동구,강일동,강동구 강일동,강동구 강일동
서울특별시 강동구 상일동,1174052000,상일동,1174010300,31951,11053,2.89,6160.86,서울특별시,강동구,상일동,강동구 상일동,강동구 상일동
서울특별시 강동구 명일1동,1174053000,명일동,1174010100,25205,9358,2.69,6783.31,서울특별시,강동구,명일1동,강동구 명일1동,강동구 명일동
서울특별시 강동구 명일2동,1174054000,명일동,1174010100,16574,5563,2.98,6783.31,서울특별시,강동구,명일2동,강동구 명일2동,강동구 명일동
서울특별시 강동구 고덕1동,1174055000,고덕동,1174010200,25452,8408,3.03,7281.59,서울특별시,강동구,고덕1동,강동구 고덕1동,강동구 고덕동
서울특별시 강동구 고덕2동,1174056000,고덕동,1174010200,21626,8191,2.64,7281.59,서울특별시,강동구,고덕2동,강동구 고덕2동,강동구 고덕동
서울특별시 강동구 암사1동,1174057000,암사동,1174010700,34597,14605,2.37,6043.68,서울특별시,강동구,암사1동,강동구 암사1동,강동구 암사동
서울특별시 강동구 암사2동,1174058000,암사동,1174010700,14902,5942,2.51,6043.68,서울특별시,강동구,암사2동,강동구 암사2동,강동구 암사동
서울특별시 강동구 암사3동,1174059000,암사동,1174010700,17455,5898,2.96,6043.68,서울특별시,강동구,암사3동,강동구 암사3동,강동구 암사동
서울특별시 강동구 천호1동,1174060000,천호동,1174010900,26550,11538,2.3,5327.28,서울특별시,강동구,천호1동,강동구 천호1동,강동구 천호동
서울특별시 강동구 천호2동,1174061000,천호동,1174010900,34927,16215,2.15,5327.28,서울특별시,강동구,천호2동,강동구 천호2동,강동구 천호동
서울특별시 강동구 천호3동,1174062000,천호동,1174010900,26140,12685,2.06,5327.28,서울특별시,강동구,천호3동,강동구 천호3동,강동구 천호동
서울특별시 강동구 성내1동,1174064000,성내동,1174010800,19405,7580,2.56,6010.61,서울특별시,강동구,성내1동,강동구 성내1동,강동구 성내동
서울특별시 강동구 성내2동,1174065000,성내동,1174010800,24026,11954,2.01,6010.61,서울특별시,강동구,성내2동,강동구 성내2동,강동구 성내동
서울특별시 강동구 성내3동,1174066000,성내동,1174010800,22682,9716,2.33,6010.61,서울특별시,강동구,성내3동,강동구 성내3동,강동구 성내동
서울특별시 강동구 길동,1174068500,길동,1174010500,44791,19714,2.27,6449.34,서울특별시,강동구,길동,강동구 길동,강동구 길동
서울특별시 강동구 둔촌1동,1174069000,둔촌동,1174010600,36,14,2.57,5761.6,서울특별시,강동구,둔촌1동,강동구 둔촌1동,강동구 둔촌동
서울특별시 강동구 둔촌2동,1174070000,둔촌동,1174010600,26071,10041,2.6,5761.6,서울특별시,강동구,둔촌2동,강동구 둔촌2동,강동구 둔촌동
